Sample,AgeID,ObjID,ID,Morphotype_Name
P031.M20.1.,28.49,obj00006,P031.M20.1.obj00006,Cloudy Long Cone
P031.M20.1.,28.49,obj00007,P031.M20.1.obj00007,Acrodin Tip Small Spearhead Tooth
P031.M20.1.,28.49,obj00009,P031.M20.1.obj00009,Acrodin Tip Round Flared 3/4 Root Curved Base
P031.M20.1.,28.49,obj00010,P031.M20.1.obj00010,Acrodin Tip Flared Blades Straight 3/4 Root
P031.M20.1.,28.49,obj00011,P031.M20.1.obj00011,Clear Straight 3/4 Root
P031.M20.1.,28.49,obj00012,P031.M20.1.obj00012,Acrodin Tip Flared Blades Concave 3/4 Root Helm Base
P031.M20.1.,28.49,obj00013,P031.M20.1.obj00013,Acrodin Tip Taper Flared 3/4 Root Curved Base
P031.M20.1.,28.49,obj00014,P031.M20.1.obj00014,Acrodin Tip Small Spearhead Tooth
P031.M20.1.,28.49,obj00015,P031.M20.1.obj00015,Acrodin Tip Straight 3/4 Root Curved Base
P031.M20.1.,28.49,obj00016,P031.M20.1.obj00016,Acrodin Tip Small Spearhead Tooth
P031.M20.1.,28.49,obj00017,P031.M20.1.obj00017,Clear Medium Tooth Convex 3/4 Root Helm Base
P031.M20.1.,28.49,obj00021,P031.M20.1.obj00021,Acrodin Tip Flared Blades Concave 3/4 Root Helm Base
P031.M20.1.,28.49,obj00022,P031.M20.1.obj00022,Round Clear Tip Flared Blades Dome Root
P031.M20.1.,28.49,obj00023,P031.M20.1.obj00023,Acrodin Tip Long Tooth Flange Standard Curved Right Triangle
P031.M20.1.,28.49,obj00025,P031.M20.1.obj00025,Acrodin Tip Long Cone No Blades Dome Root
P031.M20.1.,28.49,obj00027,P031.M20.1.obj00027,Acrodin Tip Small Spearhead Tooth
P031.M20.1.,28.49,obj00028,P031.M20.1.obj00028,Acrodin Tip Long Cone No Blades Dome Root
P031.M20.1.,28.49,obj00030,P031.M20.1.obj00030,Acrodin Tip Long Dark Root
P031.M20.1.,28.49,obj00031,P031.M20.1.obj00031,Acrodin Tip Long Cone No Blades Dome Root
P031.M20.1.,28.49,obj00032,P031.M20.1.obj00032,Acrodin Tip Long Tooth Flange Standard Curved Right Triangle
P031.M20.1.,28.49,obj00033,P031.M20.1.obj00033,Acrodin Tip Rounded Straight Tiny Root
P031.M20.1.,28.49,obj00034,P031.M20.1.obj00034,Acrodin Tip Small Cone No Blades Dome Root
P031.M20.1.,28.49,obj00038,P031.M20.1.obj00038,Clear Medium Tooth Blunt Tip 3/4 Root
P031.M20.1.,28.49,obj00041,P031.M20.1.obj00041,Acrodin Tip Straight 1/2 Blunt Root
P031.M20.1.,28.49,obj00042,P031.M20.1.obj00042,Acrodin Tip Small Tooth Straight 3/4 Root Asymmetrical Blades
P031.M20.1.,28.49,obj00043,P031.M20.1.obj00043,Acrodin Tip Long Dark Root
P031.M20.1.,28.49,obj00044,P031.M20.1.obj00044,Acrodin Tip Concave 1/2 Root Thick Blades
P031.M20.1.,28.49,obj00045,P031.M20.1.obj00045,Acrodin Tip Dome 3/4 Root
P031.M20.1.,28.49,obj00046,P031.M20.1.obj00046,Acrodin Tip Straight 3/4 Root Curved Base
P031.M20.1.,28.49,obj00048,P031.M20.1.obj00048,Acrodin Tip Straight 3/4 Root Curved Base
P031.M20.1.,28.49,obj00049,P031.M20.1.obj00049,Acrodin Tip Long Dark Root
P031.M20.1.,28.49,obj00050,P031.M20.1.obj00050,Acrodin Tip Long Dark Root
P031.M20.1.,28.49,obj00052,P031.M20.1.obj00052,Clear Medium Tooth Convex 3/4 Root Helm Base
P031.M20.1.,28.49,obj00053,P031.M20.1.obj00053,Acrodin Tip Straight 3/4 Root Curved Base Funnel Tooth
P031.M20.1.,28.49,obj00054,P031.M20.1.obj00054,Acrodin Tip Dome 3/4 Root
P031.M20.1.,28.49,obj00055,P031.M20.1.obj00055,Clear Medium Tooth Convex 3/4 Root Helm Base
P031.M20.1.,28.49,obj00056,P031.M20.1.obj00056,Acrodin Tip Small Cone No Blades Dome Root
P031.M20.1.,28.49,obj00057,P031.M20.1.obj00057,Acrodin Tip Dome 3/4 Root
P031.M20.1.,28.49,obj00058,P031.M20.1.obj00058,Acrodin Tip Small Bladed Cone Dome Root
P031.M20.1.,28.49,obj00059,P031.M20.1.obj00059,Acrodin Tip Small Cone No Blades Dome Root
P031.M20.1.,28.49,obj00060,P031.M20.1.obj00060,Acrodin Tip Straight 1/2 Blunt Root
P031.M20.1.,28.49,obj00061,P031.M20.1.obj00061,Round Acrodin Tip Small Tooth Long Dummy Root
P031.M20.1.,28.49,obj00065,P031.M20.1.obj00065,Round Acrodin Tip Small Tooth Long Dummy Root
P031.M20.1.,28.49,obj00066,P031.M20.1.obj00066,Acrodin Tip Rounded Straight Tiny Root
P031.M20.1.,28.49,obj00067,P031.M20.1.obj00067,Acrodin Tip Flared Blades Concave 3/4 Root Helm Base
P031.M20.1.,28.49,obj00068,P031.M20.1.obj00068,Acrodin Tip Dome 1/2 Root
P031.M20.1.,28.49,obj00069,P031.M20.1.obj00069,Round Acrodin Tip Small Tooth Flared Blades Large Root
P031.M20.1.,28.49,obj00071,P031.M20.1.obj00071,Acrodin Tip Small Spearhead Tooth
P031.M20.1.,28.49,obj00073,P031.M20.1.obj00073,Acrodin Tip Funnel 3/4 Root
P031.M20.1.,28.49,obj00075,P031.M20.1.obj00075,Acrodin Tip Small Spearhead Tooth
P033.L50.1.,30.52,obj00005,P033.L50.1.obj00005,Acrodin Tip Long Tooth Flange Standard Curved Right Triangle
P033.L50.1.,30.52,obj00006,P033.L50.1.obj00006,Acrodin Tip Long Dark Root
P033.L50.1.,30.52,obj00008,P033.L50.1.obj00008,Acrodin Tip Standard Slight Curve Deep Tooth
P033.L50.1.,30.52,obj00010,P033.L50.1.obj00010,Acrodin Tip Long Tooth Flange Standard Curved Right Triangle
P033.L50.1.,30.52,obj00011,P033.L50.1.obj00011,Acrodin Tip Flared Blades Concave 3/4 Root Helm Base
P033.L50.1.,30.52,obj00012,P033.L50.1.obj00012,Acrodin Tip Long Dark Curved Root
P033.L50.1.,30.52,obj00016,P033.L50.1.obj00016,Acrodin Tip Standard Slight Curve
P033.L50.1.,30.52,obj00018,P033.L50.1.obj00018,Acrodin Tip Long Tooth Flange Standard Curved Right Triangle
P033.L50.1.,30.52,obj00019,P033.L50.1.obj00019,Acrodin Tip Small Spearhead Tooth
P033.L50.1.,30.52,obj00020,P033.L50.1.obj00020,Acrodin Tip Standard Slight Curve
P033.L50.1.,30.52,obj00022,P033.L50.1.obj00022,Acrodin Tip Straight 3/4 Root Curved Base
P033.L50.1.,30.52,obj00023,P033.L50.1.obj00023,Acrodin Tip Round Flared 3/4 Root Curved Base
P033.L50.1.,30.52,obj00024,P033.L50.1.obj00024,Acrodin Tip Dome 3/4 Root
P033.L50.1.,30.52,obj00026,P033.L50.1.obj00026,Clear Straight 3/4 Root
P033.L50.1.,30.52,obj00027,P033.L50.1.obj00027,Round Acrodin Tip Small Tooth Flared Blades Large Root
P033.L50.1.,30.52,obj00028,P033.L50.1.obj00028,Acrodin Tip Standard Slight Curve
P033.L50.1.,30.52,obj00029,P033.L50.1.obj00029,Round Acrodin Tip Small Tooth Long Dummy Root
P033.L50.1.,30.52,obj00030,P033.L50.1.obj00030,Acrodin Tip Long Dark Root
P033.L50.1.,30.52,obj00033,P033.L50.1.obj00033,Acrodin Tip Small Cone Curved Tooth Funnel Root
P033.L50.1.,30.52,obj00035,P033.L50.1.obj00035,Acrodin Tip Round Flared 3/4 Root Curved Base
P033.L50.1.,30.52,obj00037,P033.L50.1.obj00037,Acrodin Tip Small Spearhead Tooth
P033.L50.1.,30.52,obj00038,P033.L50.1.obj00038,Acrodin Tip Small Cone No Blades Dome Root
P033.L50.1.,30.52,obj00039,P033.L50.1.obj00039,Acrodin Tip Long Dark Root
P033.L50.1.,30.52,obj00041,P033.L50.1.obj00041,Clear Straight 3/4 Root
P033.L50.1.,30.52,obj00042,P033.L50.1.obj00042,Acrodin Tip Small Spearhead Tooth
P033.L50.1.,30.52,obj00043,P033.L50.1.obj00043,Acrodin Tip Dome 3/4 Root
P033.L50.1.,30.52,obj00045,P033.L50.1.obj00045,Acrodin Tip Small Spearhead Tooth
P033.L50.1.,30.52,obj00046,P033.L50.1.obj00046,Acrodin Tip Round 1/2 Root Long Cone
P033.L50.1.,30.52,obj00047,P033.L50.1.obj00047,Acrodin Tip Flared Blades Straight 3/4 Root
P033.L50.1.,30.52,obj00048,P033.L50.1.obj00048,Acrodin Tip Small Spearhead Tooth
P033.L50.1.,30.52,obj00051,P033.L50.1.obj00051,Acrodin Tip Long Dark Root
P033.L50.1.,30.52,obj00052,P033.L50.1.obj00052,Acrodin Tip Concave 1/2 Root Thick Blades
P034.M24.1.,29.44,obj00015,P034.M24.1.obj00015,Acrodin Tip Straight 3/4 Root Curved Base
P034.M24.1.,29.44,obj00018,P034.M24.1.obj00018,Round Acrodin Tip Small Tooth Flared Blades Small Triangle Root
P034.M24.1.,29.44,obj00019,P034.M24.1.obj00019,Acrodin Tip Small Spearhead Tooth
P034.M24.1.,29.44,obj00020,P034.M24.1.obj00020,Acrodin Tip Long Tooth Standard Curved Right Triangle
P034.M24.1.,29.44,obj00021,P034.M24.1.obj00021,Acrodin Tip Straight Triangle Tooth No Pulp Cavity
P034.M24.1.,29.44,obj00022,P034.M24.1.obj00022,Acrodin Tip Small Spearhead Tooth
P034.M24.1.,29.44,obj00024,P034.M24.1.obj00024,Acrodin Tip Small Cone No Blades Dome Root
P034.M24.1.,29.44,obj00025,P034.M24.1.obj00025,Acrodin Tip Straight 1/2 Blunt Root
P034.M24.1.,29.44,obj00026,P034.M24.1.obj00026,Round Clear Tip Flared Blades Dome Root
P034.M24.1.,29.44,obj00027,P034.M24.1.obj00027,Acrodin Tip Standard Root Small Cone
P034.M24.1.,29.44,obj00028,P034.M24.1.obj00028,Acrodin Tip Straight 3/4 Root Curved Base Funnel Tooth
P034.M24.1.,29.44,obj00029,P034.M24.1.obj00029,Acrodin Tip Small Cone No Blades Dome Root
P034.M24.1.,29.44,obj00030,P034.M24.1.obj00030,Clear Medium Tooth Convex 3/4 Root Helm Base
P034.M24.1.,29.44,obj00031,P034.M24.1.obj00031,Cloudy Long Tooth Deep Back Slant Extended Base
P034.M24.1.,29.44,obj00033,P034.M24.1.obj00033,Acrodin Tip Long Tooth Standard Curved Right Triangle
P034.M24.1.,29.44,obj00034,P034.M24.1.obj00034,Acrodin Tip Long Dark Root
P034.M24.1.,29.44,obj00035,P034.M24.1.obj00035,Acrodin Tip Long Dark Root
P034.M24.1.,29.44,obj00036,P034.M24.1.obj00036,Acrodin Tip Long Tooth Flange Standard Curved Right Triangle
P034.M24.1.,29.44,obj00041,P034.M24.1.obj00041,Acrodin Tip Long Cone No Blades Dome Root
P034.M24.1.,29.44,obj00043,P034.M24.1.obj00043,Acrodin Tip Flared Blades Concave 3/4 Root Helm Base
P034.M24.1.,29.44,obj00045,P034.M24.1.obj00045,Clear Medium Tooth Blunt Tip 3/4 Root
P034.M24.1.,29.44,obj00046,P034.M24.1.obj00046,Clear Medium Tooth Blunt Tip 3/4 Root
P034.M24.1.,29.44,obj00048,P034.M24.1.obj00048,Acrodin Tip Flared Blades Concave 3/4 Root Helm Base
P034.M24.1.,29.44,obj00049,P034.M24.1.obj00049,Clear Flat Tooth Concave 3/4 Root
P034.M24.1.,29.44,obj00050,P034.M24.1.obj00050,Acrodin Tip Concave 1/2 Root Flared Blades
P034.M24.1.,29.44,obj00051,P034.M24.1.obj00051,Acrodin Tip Dome 3/4 Root
P034.M24.1.,29.44,obj00054,P034.M24.1.obj00054,Clear Medium Tooth Blunt Tip 3/4 Root
P034.M24.1.,29.44,obj00055,P034.M24.1.obj00055,Acrodin Tip Flared Blades Straight 3/4 Root
P034.M24.1.,29.44,obj00056,P034.M24.1.obj00056,Clear Straight 3/4 Root
P034.M24.1.,29.44,obj00057,P034.M24.1.obj00057,Acrodin Tip Long Dark Root
P034.M24.1.,29.44,obj00058,P034.M24.1.obj00058,Acrodin Tip Rounded Straight Tiny Root
P034.M24.1.,29.44,obj00059,P034.M24.1.obj00059,Acrodin Tip Small Spearhead Tooth
P034.M24.1.,29.44,obj00060,P034.M24.1.obj00060,Acrodin Tip Long Dark Root
P034.M24.1.,29.44,obj00061,P034.M24.1.obj00061,Acrodin Tip Round Flared 3/4 Root Curved Base
P034.M24.1.,29.44,obj00062,P034.M24.1.obj00062,Acrodin Tip Small Spearhead Tooth
P034.M24.1.,29.44,obj00063,P034.M24.1.obj00063,Acrodin Tip Round 1/2 Root Long Cone
P034.M24.1.,29.44,obj00064,P034.M24.1.obj00064,Acrodin Tip Round Flared 3/4 Root Curved Base
P034.M24.1.,29.44,obj00066,P034.M24.1.obj00066,Acrodin Tip Small Spearhead Tooth
P034.M24.1.,29.44,obj00067,P034.M24.1.obj00067,Acrodin Tip Long Cone No Blades Dome Root
P034.M24.1.,29.44,obj00068,P034.M24.1.obj00068,Acrodin Tip Round Flared 3/4 Root Curved Base
P034.M24.1.,29.44,obj00069,P034.M24.1.obj00069,Acrodin Tip Long Cone No Blades Dome Root
P034.M24.1.,29.44,obj00070,P034.M24.1.obj00070,Acrodin Tip Small Spearhead Tooth
P034.M24.1.,29.44,obj00071,P034.M24.1.obj00071,Acrodin Tip Small Spearhead Tooth
P034.M24.1.,29.44,obj00072,P034.M24.1.obj00072,Acrodin Tip Straight 3/4 Root Curved Base
P034.M24.1.,29.44,obj00075,P034.M24.1.obj00075,Clear Medium Tooth Blunt Tip 3/4 Root
P034.M24.1.,29.44,obj00078,P034.M24.1.obj00078,Clear Medium Tooth Blunt Tip 3/4 Root
P034.M24.1.,29.44,obj00079,P034.M24.1.obj00079,Acrodin Tip Long Cone No Blades Dome Root
P034.M24.1.,29.44,obj00080,P034.M24.1.obj00080,Clear Straight 3/4 Root
P037.M32.1.,32.42,obj00012,P037.M32.1.obj00012,Clear Small Tooth Straight 3/4 Root Asymmetrical Blades
P037.M32.1.,32.42,obj00013,P037.M32.1.obj00013,Acrodin Tip Long Dark Root
P037.M32.1.,32.42,obj00014,P037.M32.1.obj00014,Acrodin Tip Long Dark Root
P037.M32.1.,32.42,obj00015,P037.M32.1.obj00015,Acrodin Tip Long Dark Root
P037.M32.1.,32.42,obj00016,P037.M32.1.obj00016,Clear Small Tooth Straight 3/4 Root Asymmetrical Blades
P037.M32.1.,32.42,obj00017,P037.M32.1.obj00017,Acrodin Tip Round 1/2 Root Long Cone
P037.M32.1.,32.42,obj00018,P037.M32.1.obj00018,Acrodin Tip Long Dark Root
P037.M32.1.,32.42,obj00019,P037.M32.1.obj00019,Clear Straight 3/4 Root
P037.M32.1.,32.42,obj00020,P037.M32.1.obj00020,Acrodin Tip Long Dark Curved Root
P037.M32.1.,32.42,obj00021,P037.M32.1.obj00021,Acrodin Tip Round Flared 3/4 Root Curved Base Long Tooth
P037.M32.1.,32.42,obj00022,P037.M32.1.obj00022,Acrodin Tip Small Spearhead Tooth
P037.M32.1.,32.42,obj00023,P037.M32.1.obj00023,Acrodin Tip Standard Slight Curve
P037.M32.1.,32.42,obj00024,P037.M32.1.obj00024,Clear Straight 3/4 Root
P037.M32.1.,32.42,obj00025,P037.M32.1.obj00025,Acrodin Tip Small Spearhead Tooth
P037.M32.1.,32.42,obj00026,P037.M32.1.obj00026,Acrodin Tip Flared Blades Straight 3/4 Root
P037.M32.1.,32.42,obj00027,P037.M32.1.obj00027,Clear Medium Tooth Blunt Tip 3/4 Root Asymmetrical Base
P037.M32.1.,32.42,obj00028,P037.M32.1.obj00028,Acrodin Tip Long Cone No Blades Dome Root
P037.M32.1.,32.42,obj00029,P037.M32.1.obj00029,Acrodin Tip Long Cone No Blades Dome Root
P037.M32.1.,32.42,obj00030,P037.M32.1.obj00030,Clear Straight 3/4 Root
P037.M32.1.,32.42,obj00031,P037.M32.1.obj00031,Round Acrodin Tip Small Tooth Flared Blades Large Root
P037.M32.1.,32.42,obj00032,P037.M32.1.obj00032,Acrodin Tip Long Dark Root
P037.M32.1.,32.42,obj00033,P037.M32.1.obj00033,Acrodin Tip Small Spearhead Tooth
P037.M32.1.,32.42,obj00035,P037.M32.1.obj00035,Acrodin Tip Straight 3/4 Root Curved Base Funnel Tooth
P037.M32.1.,32.42,obj00036,P037.M32.1.obj00036,Acrodin Tip Small Cone No Blades Dome Root
P037.M32.1.,32.42,obj00037,P037.M32.1.obj00037,Acrodin Tip Small Cone No Blades Dome Root
P037.M32.1.,32.42,obj00038,P037.M32.1.obj00038,Acrodin Tip Straight 3/4 Root Curved Base
P037.M32.1.,32.42,obj00040,P037.M32.1.obj00040,Acrodin Tip Small Spearhead Tooth
P037.M32.1.,32.42,obj00042,P037.M32.1.obj00042,Acrodin Tip Small Cone No Blades Dome Root
P040.M36.1.,33.52,obj00013,P040.M36.1.obj00013,Acrodin Tip Standard Slight Curve
P040.M36.1.,33.52,obj00014,P040.M36.1.obj00014,Clear Straight 3/4 Root
P040.M36.1.,33.52,obj00015,P040.M36.1.obj00015,Acrodin Tip Long Dark Root
P040.M36.1.,33.52,obj00016,P040.M36.1.obj00016,Acrodin Tip Long Dark Root
P040.M36.1.,33.52,obj00017,P040.M36.1.obj00017,Acrodin Tip Small Cone No Blades Dome Root
P040.M36.1.,33.52,obj00019,P040.M36.1.obj00019,Acrodin Tip Small Spearhead Tooth
P040.M36.1.,33.52,obj00020,P040.M36.1.obj00020,Acrodin Tip Long Dark Root
P040.M36.1.,33.52,obj00023,P040.M36.1.obj00023,Acrodin Tip Beak 1/2 Root Convex Base
P040.M36.1.,33.52,obj00025,P040.M36.1.obj00025,Clear Straight 3/4 Root
P040.M36.1.,33.52,obj00027,P040.M36.1.obj00027,Round Acrodin Tip Small Tooth Long Dummy Root
P040.M36.1.,33.52,obj00028,P040.M36.1.obj00028,Acrodin Tip Concave 1/2 Root Thick Blades
P040.M36.1.,33.52,obj00029,P040.M36.1.obj00029,Acrodin Tip Small Tooth Straight 3/4 Root Asymmetrical Blades
P040.M36.1.,33.52,obj00032,P040.M36.1.obj00032,Acrodin Tip Long Cone No Blades Dome Root
P040.M36.1.,33.52,obj00033,P040.M36.1.obj00033,Clear Straight 3/4 Root
P040.M36.1.,33.52,obj00034,P040.M36.1.obj00034,Acrodin Tip Standard Root Small Cone
P040.M36.1.,33.52,obj00036,P040.M36.1.obj00036,Acrodin Tip Small Cone No Blades Dome Root
P040.M36.1.,33.52,obj00039,P040.M36.1.obj00039,Cloudy Triangle Extended Concave Root
P040.M36.1.,33.52,obj00040,P040.M36.1.obj00040,Acrodin Tip Long Dark Root
P040.M36.1.,33.52,obj00042,P040.M36.1.obj00042,Clear Straight 3/4 Root No Blades
P040.M36.1.,33.52,obj00043,P040.M36.1.obj00043,Acrodin Tip Convex 3/4 Root Curved Base
P040.M36.1.,33.52,obj00045,P040.M36.1.obj00045,Acrodin Tip Flared Blades Straight 3/4 Root
P040.M36.1.,33.52,obj00046,P040.M36.1.obj00046,Round Acrodin Tip Small Tooth Flared Blades Large Triangle Root
P040.M36.1.,33.52,obj00047,P040.M36.1.obj00047,Acrodin Tip Small One Blade Cone Dome Root
P040.M36.1.,33.52,obj00048,P040.M36.1.obj00048,Acrodin Tip Small Cone No Blades Dome Root
P040.M36.1.,33.52,obj00049,P040.M36.1.obj00049,Acrodin Tip Straight 1/2 Blunt Root
P040.M36.1.,33.52,obj00051,P040.M36.1.obj00051,Acrodin Tip Long Dark Root
P040.M36.1.,33.52,obj00052,P040.M36.1.obj00052,Acrodin Tip Small Spearhead Tooth
P040.M36.1.,33.52,obj00053,P040.M36.1.obj00053,Acrodin Tip Small Spearhead Tooth
P040.M36.1.,33.52,obj00054,P040.M36.1.obj00054,Acrodin Tip Standard Root Small Cone
P040.M36.1.,33.52,obj00057,P040.M36.1.obj00057,Acrodin Tip Small Cone No Blades Dome Root
P040.M36.1.,33.52,obj00059,P040.M36.1.obj00059,Acrodin Tip Small Cone No Blades Dome Root
P042.M42.1.,35.09,obj00011,P042.M42.1.obj00011,Acrodin Tip Standard Slight Curve
P042.M42.1.,35.09,obj00013,P042.M42.1.obj00013,Acrodin Tip Small Spearhead Tooth
P042.M42.1.,35.09,obj00014,P042.M42.1.obj00014,Acrodin Tip Long Dark Root
P042.M42.1.,35.09,obj00016,P042.M42.1.obj00016,Acrodin Tip Straight 3/4 Root Curved Base Funnel Tooth
P042.M42.1.,35.09,obj00017,P042.M42.1.obj00017,Acrodin Tip Dome 3/4 Root
P042.M42.1.,35.09,obj00018,P042.M42.1.obj00018,Clear Straight 3/4 Root
P042.M42.1.,35.09,obj00019,P042.M42.1.obj00019,Acrodin Tip Long Tooth Standard Curved Right Triangle
P042.M42.1.,35.09,obj00020,P042.M42.1.obj00020,Acrodin Tip Concave 1/2 Root Thick Blades
P042.M42.1.,35.09,obj00022,P042.M42.1.obj00022,Acrodin Tip Concave 1/2 Root Flared Blades
P042.M42.1.,35.09,obj00023,P042.M42.1.obj00023,Acrodin Tip Dome 3/4 Root
P042.M42.1.,35.09,obj00024,P042.M42.1.obj00024,Acrodin Tip Beak 1/2 Root Concave Base
P042.M42.1.,35.09,obj00025,P042.M42.1.obj00025,Acrodin Tip Long Dark Root
P042.M42.1.,35.09,obj00026,P042.M42.1.obj00026,Acrodin Tip Skinny Straight 1/2 Root
P042.M42.1.,35.09,obj00027,P042.M42.1.obj00027,Acrodin Tip Skinny Straight 1/2 Root
P042.M42.1.,35.09,obj00028,P042.M42.1.obj00028,Acrodin Tip Long Dark Root Flange Right Triangle
P042.M42.1.,35.09,obj00029,P042.M42.1.obj00029,Acrodin Tip Dome 3/4 Root
P042.M42.1.,35.09,obj00030,P042.M42.1.obj00030,Acrodin Tip Standard Slight Curve
P042.M42.1.,35.09,obj00031,P042.M42.1.obj00031,Acrodin Tip Straight 3/4 Root Curved Base Funnel Tooth
P042.M42.1.,35.09,obj00033,P042.M42.1.obj00033,Acrodin Tip Long Dark Root
P042.M42.1.,35.09,obj00034,P042.M42.1.obj00034,Acrodin Tip Long Tooth Standard Curved Right Triangle
P042.M42.1.,35.09,obj00035,P042.M42.1.obj00035,Acrodin Tip Triangle Root Small Cone
P042.M42.1.,35.09,obj00036,P042.M42.1.obj00036,Acrodin Tip Small Cone No Blades Dome Root
P042.M42.1.,35.09,obj00037,P042.M42.1.obj00037,Acrodin Tip Concave 1/2 Root Thick Blades
P042.M42.1.,35.09,obj00038,P042.M42.1.obj00038,Round Acrodin Tip Small Tooth Long Dummy Root
P042.M42.1.,35.09,obj00039,P042.M42.1.obj00039,Acrodin Tip Dome 3/4 Root Deep Tooth
P042.M42.1.,35.09,obj00040,P042.M42.1.obj00040,Acrodin Tip Round Flared 3/4 Root Curved Base
P042.M42.1.,35.09,obj00041,P042.M42.1.obj00041,Acrodin Tip Small Curved Cone No Blades Dome Root
P042.M42.1.,35.09,obj00042,P042.M42.1.obj00042,Acrodin Tip Straight 3/4 Root Curved Base Funnel Tooth
P042.M42.1.,35.09,obj00044,P042.M42.1.obj00044,Acrodin Tip Straight 1/2 Blunt Root
P042.M42.1.,35.09,obj00045,P042.M42.1.obj00045,Acrodin Tip Small Spearhead Tooth
P042.M42.1.,35.09,obj00046,P042.M42.1.obj00046,Round Acrodin Tip Small Tooth Flared Blades Large Triangle Root
P042.M42.1.,35.09,obj00048,P042.M42.1.obj00048,Acrodin Tip Small Tooth Straight 3/4 Root Asymmetrical Blades
P045.M47.1.,36.34,obj00006,P045.M47.1.obj00006,Acrodin Tip Long Dark Root
P045.M47.1.,36.34,obj00007,P045.M47.1.obj00007,Acrodin Tip Long Dark Root
P045.M47.1.,36.34,obj00008,P045.M47.1.obj00008,Acrodin Tip Long Dark Root
P045.M47.1.,36.34,obj00009,P045.M47.1.obj00009,Acrodin Tip Dome 3/4 Root
P045.M47.1.,36.34,obj00011,P045.M47.1.obj00011,Acrodin Tip Long Dark Root
P045.M47.1.,36.34,obj00012,P045.M47.1.obj00012,Acrodin Tip Long Dark Root
P045.M47.1.,36.34,obj00013,P045.M47.1.obj00013,Acrodin Tip Long Dark Root
P045.M47.1.,36.34,obj00014,P045.M47.1.obj00014,Acrodin Tip Standard Slight Curve
P045.M47.1.,36.34,obj00015,P045.M47.1.obj00015,Acrodin Tip Long Dark Curved Root
P045.M47.1.,36.34,obj00016,P045.M47.1.obj00016,Acrodin Tip Straight 3/4 Root Curved Base Funnel Tooth
P045.M47.1.,36.34,obj00017,P045.M47.1.obj00017,Cloudy Triangle Curvy 3/4 Root
P045.M47.1.,36.34,obj00018,P045.M47.1.obj00018,Acrodin Tip Standard Slight Curve
P045.M47.1.,36.34,obj00020,P045.M47.1.obj00020,Acrodin Tip Small Spearhead Dome Root Wide Tooth
P045.M47.1.,36.34,obj00021,P045.M47.1.obj00021,Acrodin Tip Concave 3/4 Root Flared Blades
P045.M47.1.,36.34,obj00022,P045.M47.1.obj00022,Acrodin Tip Small Spearhead Tooth
P045.M47.1.,36.34,obj00023,P045.M47.1.obj00023,Acrodin Tip Concave 3/4 Root Flared Blades
P045.M47.1.,36.34,obj00024,P045.M47.1.obj00024,Acrodin Tip Round 1/2 Root Long Cone
P045.M47.1.,36.34,obj00025,P045.M47.1.obj00025,Round Acrodin Tip Small Tooth Long Dummy Root
P045.M47.1.,36.34,obj00026,P045.M47.1.obj00026,Acrodin Tip Small Cone No Blades Dome Root
P045.M47.1.,36.34,obj00027,P045.M47.1.obj00027,Acrodin Tip Standard Root Small Cone
P045.M47.1.,36.34,obj00030,P045.M47.1.obj00030,Acrodin Tip Long Dark Root
P045.M47.1.,36.34,obj00033,P045.M47.1.obj00033,Acrodin Tip Small Spearhead Tooth
P045.M47.1.,36.34,obj00036,P045.M47.1.obj00036,Acrodin Tip Standard Slight Curve Deep Tooth
P045.M47.1.,36.34,obj00037,P045.M47.1.obj00037,Acrodin Tip Standard Root Small Cone
P045.M47.1.,36.34,obj00038,P045.M47.1.obj00038,Acrodin Tip Small Tooth Straight 3/4 Root Asymmetrical Blades
P045.M47.1.,36.34,obj00039,P045.M47.1.obj00039,Acrodin Tip Small Spearhead Tooth
P045.M47.1.,36.34,obj00040,P045.M47.1.obj00040,Acrodin Tip Dome 1/2 Root
P048.M53.1.,37.89,obj00011,P048.M53.1.obj00011,Acrodin Tip Long Dark Root
P048.M53.1.,37.89,obj00012,P048.M53.1.obj00012,Clear Straight 3/4 Root
P048.M53.1.,37.89,obj00014,P048.M53.1.obj00014,Clear Straight 3/4 Root No Blades
P048.M53.1.,37.89,obj00015,P048.M53.1.obj00015,Acrodin Tip Funnel 3/4 Root Flat
P048.M53.1.,37.89,obj00016,P048.M53.1.obj00016,Acrodin Tip Dome 3/4 Root Deep Tooth
P048.M53.1.,37.89,obj00022,P048.M53.1.obj00022,Acrodin Tip Standard Slight Curve
P048.M53.1.,37.89,obj00023,P048.M53.1.obj00023,Acrodin Tip Round 1/2 Root Long Cone
P048.M53.1.,37.89,obj00024,P048.M53.1.obj00024,Acrodin Tip Concave 1/2 Root Flared Blades
P048.M53.1.,37.89,obj00025,P048.M53.1.obj00025,Acrodin Tip Standard Root Small Cone
P048.M53.1.,37.89,obj00026,P048.M53.1.obj00026,Acrodin Tip Round 1/2 Root Long Cone
P048.M53.1.,37.89,obj00027,P048.M53.1.obj00027,Acrodin Tip Dome 3/4 Root
P048.M53.1.,37.89,obj00028,P048.M53.1.obj00028,Acrodin Tip Standard Slight Curve
P048.M53.1.,37.89,obj00030,P048.M53.1.obj00030,Acrodin Tip Skinny Straight 1/2 Root
P048.M53.1.,37.89,obj00031,P048.M53.1.obj00031,Acrodin Tip Skinny Straight 1/2 Root
P048.M53.1.,37.89,obj00032,P048.M53.1.obj00032,Acrodin Tip Dome 1/2 Root
P048.M53.1.,37.89,obj00033,P048.M53.1.obj00033,Acrodin Tip Small Tooth Straight 3/4 Root Asymmetrical Blades
P048.M53.1.,37.89,obj00037,P048.M53.1.obj00037,Acrodin Tip Straight 3/4 Root Curved Base Funnel Tooth
P048.M53.1.,37.89,obj00039,P048.M53.1.obj00039,Acrodin Tip Straight 3/4 Root Curved Base Funnel Tooth
P048.M53.1.,37.89,obj00040,P048.M53.1.obj00040,Acrodin Tip Round 1/2 Root Long Cone
P048.M53.1.,37.89,obj00042,P048.M53.1.obj00042,Acrodin Tip Funnel 3/4 Root Flat
P048.M53.1.,37.89,obj00043,P048.M53.1.obj00043,Acrodin Tip Small Cone No Blades Dome Root
P048.M53.1.,37.89,obj00044,P048.M53.1.obj00044,Acrodin Tip Small One Blade Cone Dome Root
P048.M53.1.,37.89,obj00045,P048.M53.1.obj00045,Acrodin Tip Straight 3/4 Root Curved Base Funnel Tooth
P048.M53.1.,37.89,obj00046,P048.M53.1.obj00046,Acrodin Tip Small Tooth Straight 3/4 Root Asymmetrical Blades
P048.M53.1.,37.89,obj00047,P048.M53.1.obj00047,Acrodin Tip Concave 1/2 Root Thick Blades
P048.M53.1.,37.89,obj00048,P048.M53.1.obj00048,Acrodin Tip Dome 3/4 Root
P048.M53.1.,37.89,obj00049,P048.M53.1.obj00049,Acrodin Tip Round 1/2 Root Long Cone
P048.M53.1.,37.89,obj00050,P048.M53.1.obj00050,Acrodin Tip Standard Slight Curve Deep Tooth
P048.M53.1.,37.89,obj00052,P048.M53.1.obj00052,Acrodin Tip Long Dark Root
P048.M53.1.,37.89,obj00053,P048.M53.1.obj00053,Acrodin Tip Concave 1/2 Root Thick Blades
P048.M53.1.,37.89,obj00054,P048.M53.1.obj00054,Acrodin Tip Long Dark Root
P048.M53.1.,37.89,obj00055,P048.M53.1.obj00055,Acrodin Tip Concave 1/2 Root Flared Blades
P048.M53.1.,37.89,obj00057,P048.M53.1.obj00057,Acrodin Tip Standard Slight Curve
P048.M53.1.,37.89,obj00058,P048.M53.1.obj00058,Acrodin Tip Flared Blades Straight 3/4 Root
P048.M53.1.,37.89,obj00059,P048.M53.1.obj00059,Clear Straight 3/4 Root
P048.M53.1.,37.89,obj00061,P048.M53.1.obj00061,Acrodin Tip Flared Blades Straight 3/4 Root
P048.M53.1.,37.89,obj00062,P048.M53.1.obj00062,Round Acrodin Tip Small Tooth Long Dummy Root
P048.M53.1.,37.89,obj00063,P048.M53.1.obj00063,Acrodin Tip Flared Blades Straight 3/4 Root
P048.M53.1.,37.89,obj00064,P048.M53.1.obj00064,Acrodin Tip Straight 3/4 Root Curved Base
P048.M53.1.,37.89,obj00066,P048.M53.1.obj00066,Acrodin Tip Round 1/2 Root Long Cone
P048.M53.1.,37.89,obj00067,P048.M53.1.obj00067,Acrodin Tip Small Bladed Cone Dome Root
P048.M53.1.,37.89,obj00068,P048.M53.1.obj00068,Acrodin Tip Small Spearhead Pointed Tooth
P048.M53.1.,37.89,obj00069,P048.M53.1.obj00069,Acrodin Tip Straight 3/4 Root No Blades
P048.M53.1.,37.89,obj00070,P048.M53.1.obj00070,Acrodin Tip Small Cone No Blades Dome Root
P048.M53.1.,37.89,obj00071,P048.M53.1.obj00071,Acrodin Tip Flared Blades Straight 3/4 Root
P048.M53.1.,37.89,obj00072,P048.M53.1.obj00072,Acrodin Tip Round 1/2 Root Long Cone
P048.M53.1.,37.89,obj00073,P048.M53.1.obj00073,Acrodin Tip Small Curved Cone No Blades Dome Root
P048.M53.1.,37.89,obj00074,P048.M53.1.obj00074,Acrodin Tip Dome 3/4 Root
P048.M53.1.,37.89,obj00076,P048.M53.1.obj00076,Acrodin Tip Small Spearhead Tooth
P048.M53.1.,37.89,obj00078,P048.M53.1.obj00078,Clear Straight 3/4 Root
P048.M53.1.,37.89,obj00079,P048.M53.1.obj00079,Acrodin Tip Dome 3/4 Root
P048.M53.1.,37.89,obj00080,P048.M53.1.obj00080,Acrodin Tip Small Bladed Cone Dome Root
P048.M53.1.,37.89,obj00082,P048.M53.1.obj00082,Round Acrodin Tip Small Tooth Long Dummy Root
P048.M53.1.,37.89,obj00084,P048.M53.1.obj00084,Acrodin Tip Flared Blades Straight 3/4 Root
P048.M53.1.,37.89,obj00087,P048.M53.1.obj00087,Acrodin Tip Standard Root Small Cone
P048.M53.1.,37.89,obj00090,P048.M53.1.obj00090,Round Acrodin Tip Small Tooth Long Dummy Root Flat 
P048.M53.1.,37.89,obj00091,P048.M53.1.obj00091,Acrodin Tip Round 1/2 Root Long Cone
P048.M53.1.,37.89,obj00092,P048.M53.1.obj00092,Acrodin Tip Long Dark Root
P048.M53.1.,37.89,obj00093,P048.M53.1.obj00093,Clear Straight 3/4 Root
P050.M57.1.,38.99,obj00011,P050.M57.1.obj00011,Clear Straight 3/4 Root
P050.M57.1.,38.99,obj00012,P050.M57.1.obj00012,Acrodin Tip Flared Blades Straight 3/4 Root
P050.M57.1.,38.99,obj00014,P050.M57.1.obj00014,Acrodin Tip Straight 3/4 Root Curved Base Funnel Tooth
P050.M57.1.,38.99,obj00015,P050.M57.1.obj00015,Acrodin Tip Long Dark Root
P050.M57.1.,38.99,obj00016,P050.M57.1.obj00016,Clear Straight 3/4 Root
P050.M57.1.,38.99,obj00017,P050.M57.1.obj00017,Acrodin Tip Funnel 3/4 Root
P050.M57.1.,38.99,obj00018,P050.M57.1.obj00018,Acrodin Tip Dome 3/4 Root Deep Tooth
P050.M57.1.,38.99,obj00019,P050.M57.1.obj00019,Acrodin Tip Round 1/2 Root Long Cone
P050.M57.1.,38.99,obj00020,P050.M57.1.obj00020,Acrodin Tip Long Tooth Standard Curved Right Triangle
P050.M57.1.,38.99,obj00021,P050.M57.1.obj00021,Acrodin Tip Small Cone No Blades Dome Root
P050.M57.1.,38.99,obj00022,P050.M57.1.obj00022,Clear Medium Tooth Convex 3/4 Root Helm Base
P050.M57.1.,38.99,obj00024,P050.M57.1.obj00024,Round Acrodin Tip Small Tooth Long Dummy Root Flat 
P050.M57.1.,38.99,obj00025,P050.M57.1.obj00025,Acrodin Tip Standard Root Small Cone
P050.M57.1.,38.99,obj00026,P050.M57.1.obj00026,Acrodin Tip Concave 1/2 Root Thick Blades
P050.M57.1.,38.99,obj00027,P050.M57.1.obj00027,Round Acrodin Tip Small Tooth Flared Blades Small Triangle Root
P050.M57.1.,38.99,obj00028,P050.M57.1.obj00028,Acrodin Tip Standard Root Small Cone
P050.M57.1.,38.99,obj00029,P050.M57.1.obj00029,Acrodin Tip Standard Root Small Cone
P050.M57.1.,38.99,obj00031,P050.M57.1.obj00031,Round Acrodin Tip Small Tooth Flared Blades Small Triangle Root
P050.M57.1.,38.99,obj00032,P050.M57.1.obj00032,Acrodin Tip Rounded Straight Tiny Root
P050.M57.1.,38.99,obj00033,P050.M57.1.obj00033,Acrodin Tip Small Cone No Blades Dome Root
P050.M57.1.,38.99,obj00035,P050.M57.1.obj00035,Acrodin Tip Funnel 3/4 Root
P050.M57.1.,38.99,obj00036,P050.M57.1.obj00036,Acrodin Tip Round 1/2 Root Long Cone
P050.M57.1.,38.99,obj00037,P050.M57.1.obj00037,Acrodin Tip Small Cone No Blades Dome Root
P050.M57.1.,38.99,obj00039,P050.M57.1.obj00039,Round Acrodin Tip Small Tooth Flared Blades Small Triangle Root
P050.M57.1.,38.99,obj00040,P050.M57.1.obj00040,Acrodin Tip Straight Triangle Tooth No Pulp Cavity
P050.M57.1.,38.99,obj00041,P050.M57.1.obj00041,Round Acrodin Tip Small Tooth Long Dummy Root
P050.M57.1.,38.99,obj00042,P050.M57.1.obj00042,Acrodin Tip Small Cone No Blades Dome Root
P050.M57.1.,38.99,obj00043,P050.M57.1.obj00043,Acrodin Tip Standard Root Small Cone
P050.M57.1.,38.99,obj00044,P050.M57.1.obj00044,Round Acrodin Tip Small Tooth Flared Blades Large Triangle Root
P050.M57.1.,38.99,obj00045,P050.M57.1.obj00045,Acrodin Tip Small Bladed Cone Dome Root
P050.M57.1.,38.99,obj00046,P050.M57.1.obj00046,Acrodin Tip Round 1/2 Root Long Cone
P050.M57.1.,38.99,obj00047,P050.M57.1.obj00047,Acrodin Tip Flared Blades Straight 3/4 Root
P050.M57.1.,38.99,obj00048,P050.M57.1.obj00048,Acrodin Tip Round 1/2 Root Long Cone
P050.M57.1.,38.99,obj00049,P050.M57.1.obj00049,Acrodin Tip Small Spearhead Tooth
P050.M57.1.,38.99,obj00050,P050.M57.1.obj00050,Round Acrodin Tip Small Tooth Flared Blades Small Triangle Root
P050.M57.1.,38.99,obj00051,P050.M57.1.obj00051,Acrodin Tip Straight 3/4 Root Curved Base Funnel Tooth
P050.M57.1.,38.99,obj00053,P050.M57.1.obj00053,Acrodin Tip Straight 3/4 Root Curved Base Funnel Tooth
P050.M57.1.,38.99,obj00056,P050.M57.1.obj00056,Acrodin Tip Straight 3/4 Root Curved Base Funnel Tooth
P050.M57.1.,38.99,obj00057,P050.M57.1.obj00057,Acrodin Tip Round Flared 3/4 Root Curved Base
P050.M57.1.,38.99,obj00058,P050.M57.1.obj00058,Acrodin Tip Long Dark Curved Root
P050.M57.1.,38.99,obj00059,P050.M57.1.obj00059,Clear Medium Tooth Blunt Tip 3/4 Root
P050.M57.1.,38.99,obj00060,P050.M57.1.obj00060,Acrodin Tip Small Spearhead Dome Root Wide Tooth
P050.M57.1.,38.99,obj00061,P050.M57.1.obj00061,Acrodin Tip Long Dark Root
P050.M57.1.,38.99,obj00062,P050.M57.1.obj00062,Acrodin Tip Long Dark Root
P050.M57.1.,38.99,obj00063,P050.M57.1.obj00063,Acrodin Tip Flared Blades Straight 3/4 Root
P050.M57.1.,38.99,obj00064,P050.M57.1.obj00064,Acrodin Tip Flared Blades Straight 3/4 Root
P050.M57.1.,38.99,obj00065,P050.M57.1.obj00065,Acrodin Tip Round 1/2 Root Long Cone
P050.M57.1.,38.99,obj00067,P050.M57.1.obj00067,Acrodin Tip Flared Blades Straight 3/4 Root
P050.M57.1.,38.99,obj00070,P050.M57.1.obj00070,Acrodin Tip Standard Slight Curve
P050.M57.1.,38.99,obj00071,P050.M57.1.obj00071,Acrodin Tip Long Dark Root
P050.M57.1.,38.99,obj00072,P050.M57.1.obj00072,Cloudy Triangle Curvy 3/4 Root
P051.M61.1.,41.77,obj00006,P051.M61.1.obj00006,Acrodin Tip Standard Slight Curve Deep Tooth
P051.M61.1.,41.77,obj00010,P051.M61.1.obj00010,Straight Many Cusps
P051.M61.1.,41.77,obj00014,P051.M61.1.obj00014,Acrodin Tip Long Tooth Standard Curved Right Triangle
P051.M61.1.,41.77,obj00015,P051.M61.1.obj00015,Acrodin Tip Straight Triangle Tooth No Pulp Cavity
P051.M61.1.,41.77,obj00016,P051.M61.1.obj00016,Acrodin Tip Long Dark Curved Root
P051.M61.1.,41.77,obj00018,P051.M61.1.obj00018,Acrodin Tip Standard Slight Curve
P051.M61.1.,41.77,obj00022,P051.M61.1.obj00022,Acrodin Tip Long Dark Root
P051.M61.1.,41.77,obj00023,P051.M61.1.obj00023,Round Acrodin Tip Small Tooth Long Dummy Root
P051.M61.1.,41.77,obj00024,P051.M61.1.obj00024,Acrodin Tip Long Dark Root
P051.M61.1.,41.77,obj00026,P051.M61.1.obj00026,Acrodin Tip Long Dark Root
P051.M61.1.,41.77,obj00027,P051.M61.1.obj00027,Acrodin Tip Straight 3/4 Root Curved Base Funnel Tooth
P051.M61.1.,41.77,obj00028,P051.M61.1.obj00028,Acrodin Tip Long Tooth Flange Standard Curved Right Triangle
P051.M61.1.,41.77,obj00031,P051.M61.1.obj00031,Acrodin Tip Standard Slight Curve Deep Tooth
P051.M61.1.,41.77,obj00034,P051.M61.1.obj00034,Acrodin Tip Straight Triangle Tooth No Pulp Cavity
P051.M61.1.,41.77,obj00037,P051.M61.1.obj00037,Acrodin Tip Straight Triangle Tooth No Pulp Cavity
P051.M61.1.,41.77,obj00040,P051.M61.1.obj00040,Acrodin Tip Straight 3/4 Root Curved Base Funnel Tooth
P051.M61.1.,41.77,obj00042,P051.M61.1.obj00042,Acrodin Tip Standard Slight Curve
P051.M61.1.,41.77,obj00043,P051.M61.1.obj00043,Acrodin Tip Long Dark Root
P051.M61.1.,41.77,obj00044,P051.M61.1.obj00044,Acrodin Tip Beak 1/2 Root Concave Base
P051.M61.1.,41.77,obj00045,P051.M61.1.obj00045,Acrodin Tip Straight 3/4 Root Curved Base Funnel Tooth
P051.M61.1.,41.77,obj00046,P051.M61.1.obj00046,Round Acrodin Tip Small Tooth Flared Blades Large Triangle Root
P051.M61.1.,41.77,obj00047,P051.M61.1.obj00047,Acrodin Tip Flared Blades Straight 3/4 Root
P051.M61.1.,41.77,obj00050,P051.M61.1.obj00050,Acrodin Tip Dome 1/2 Root
P051.M61.1.,41.77,obj00051,P051.M61.1.obj00051,Acrodin Tip Triangle Root Small Cone
P051.M61.1.,41.77,obj00053,P051.M61.1.obj00053,Acrodin Tip Long Dark Root
P051.M61.1.,41.77,obj00054,P051.M61.1.obj00054,Acrodin Tip Round 1/2 Root Long Cone
P051.M61.1.,41.77,obj00057,P051.M61.1.obj00057,Acrodin Tip Funnel 3/4 Root
P051.M61.1.,41.77,obj00059,P051.M61.1.obj00059,Acrodin Tip Convex 3/4 Root Curved Base
P051.M61.1.,41.77,obj00060,P051.M61.1.obj00060,Acrodin Tip Convex 3/4 Root Curved Base
P051.M61.1.,41.77,obj00061,P051.M61.1.obj00061,Cloudy Triangle Extended Concave Root
P051.M61.1.,41.77,obj00063,P051.M61.1.obj00063,Acrodin Tip Rounded Straight Tiny Root
P051.M61.1.,41.77,obj00064,P051.M61.1.obj00064,Round Acrodin Tip Small Tooth Flared Blades Large Triangle Root
P051.M61.1.,41.77,obj00066,P051.M61.1.obj00066,Acrodin Tip Long Dark Root
P051.M61.1.,41.77,obj00067,P051.M61.1.obj00067,Acrodin Tip Rounded Straight Tiny Root
P051.M61.1.,41.77,obj00068,P051.M61.1.obj00068,Round Acrodin Tip Small Tooth Flared Blades Small Triangle Root
P051.M61.1.,41.77,obj00069,P051.M61.1.obj00069,Acrodin Tip Straight 3/4 Root Curved Base
P051.M61.1.,41.77,obj00070,P051.M61.1.obj00070,Acrodin Tip Standard Root Small Cone
P051.M61.1.,41.77,obj00071,P051.M61.1.obj00071,Acrodin Tip Long Dark Root
P051.M61.1.,41.77,obj00072,P051.M61.1.obj00072,Acrodin Tip Concave 1/2 Root Thick Blades
P051.M61.1.,41.77,obj00073,P051.M61.1.obj00073,Acrodin Tip Skinny Straight 1/2 Root
P051.M61.1.,41.77,obj00076,P051.M61.1.obj00076,Acrodin Tip Long Dark Root
P051.M61.1.,41.77,obj00077,P051.M61.1.obj00077,Round Acrodin Tip Small Tooth Flared Blades Large Root
P051.M61.1.,41.77,obj00078,P051.M61.1.obj00078,Acrodin Tip Concave 1/2 Root Thick Blades
P051.M61.1.,41.77,obj00081,P051.M61.1.obj00081,Acrodin Tip Dome 3/4 Root
P051.M61.1.,41.77,obj00082,P051.M61.1.obj00082,Acrodin Tip Long Dark Root
P051.M61.1.,41.77,obj00084,P051.M61.1.obj00084,Acrodin Tip Long Dark Root
P051.M61.1.,41.77,obj00085,P051.M61.1.obj00085,Acrodin Tip Concave 1/2 Root Thick Blades
P051.M61.1.,41.77,obj00086,P051.M61.1.obj00086,Acrodin Tip Rounded Straight Tiny Root
P051.M61.1.,41.77,obj00087,P051.M61.1.obj00087,Clear Medium Tooth Convex 3/4 Root Helm Base
P051.M61.1.,41.77,obj00090,P051.M61.1.obj00090,Acrodin Tip Funnel 3/4 Root
P051.M61.1.,41.77,obj00091,P051.M61.1.obj00091,Acrodin Tip Long Dark Root
P051.M61.1.,41.77,obj00093,P051.M61.1.obj00093,Acrodin Tip Standard Slight Curve
P051.M61.1.,41.77,obj00094,P051.M61.1.obj00094,Acrodin Tip Standard Root Small Cone
P051.M61.1.,41.77,obj00095,P051.M61.1.obj00095,Acrodin Tip Small Spearhead Pointed Tooth
P051.M61.1.,41.77,obj00097,P051.M61.1.obj00097,Acrodin Tip Straight 3/4 Root Curved Base Funnel Tooth
P051.M61.1.,41.77,obj00098,P051.M61.1.obj00098,Acrodin Tip Long Tooth Standard Curved Right Triangle
P051.M61.1.,41.77,obj00101,P051.M61.1.obj00101,Acrodin Tip Flared Blades Straight 3/4 Root
P051.M61.1.,41.77,obj00104,P051.M61.1.obj00104,Acrodin Tip Dome 1/2 Root
P051.M61.1.,41.77,obj00106,P051.M61.1.obj00106,Acrodin Tip Small Tooth Straight 3/4 Root Asymmetrical Blades
P051.M61.1.,41.77,obj00107,P051.M61.1.obj00107,Acrodin Tip Flared Blades Straight 3/4 Root
P051.M61.1.,41.77,obj00108,P051.M61.1.obj00108,Acrodin Tip Straight 3/4 Root Curved Base Funnel Tooth
P051.M61.1.,41.77,obj00109,P051.M61.1.obj00109,Acrodin Tip Straight 1/2 Blunt Root
P032.M21.1.,28.74,obj00009,P032.M21.1.obj00009,Acrodin Tip Flared Blades Straight 3/4 Root
P032.M21.1.,28.74,obj00011,P032.M21.1.obj00011,Acrodin Tip Long Tooth Standard Curved Right Triangle
P032.M21.1.,28.74,obj00012,P032.M21.1.obj00012,Acrodin Tip Long Tooth Flange Standard Curved Right Triangle
P032.M21.1.,28.74,obj00014,P032.M21.1.obj00014,Clear Small Tooth Straight 3/4 Root Asymmetrical Blades
P032.M21.1.,28.74,obj00015,P032.M21.1.obj00015,Acrodin Tip Long Dark Root
P032.M21.1.,28.74,obj00016,P032.M21.1.obj00016,Acrodin Tip Straight 3/4 Root Curved Base
P032.M21.1.,28.74,obj00017,P032.M21.1.obj00017,Acrodin Tip Long Dark Root
P032.M21.1.,28.74,obj00019,P032.M21.1.obj00019,Acrodin Tip Dome 1/2 Root
P032.M21.1.,28.74,obj00021,P032.M21.1.obj00021,Acrodin Tip Dome 3/4 Root
P032.M21.1.,28.74,obj00022,P032.M21.1.obj00022,Acrodin Tip Long Dark Root
P032.M21.1.,28.74,obj00024,P032.M21.1.obj00024,Acrodin Tip Small Spearhead Tooth
P032.M21.1.,28.74,obj00026,P032.M21.1.obj00026,Clear Medium Tooth Blunt Tip 3/4 Root Asymmetrical Base
P032.M21.1.,28.74,obj00027,P032.M21.1.obj00027,Acrodin Tip Triangle Root Small Cone
P032.M21.1.,28.74,obj00028,P032.M21.1.obj00028,Acrodin Tip Round 1/2 Root Long Cone
P032.M21.1.,28.74,obj00029,P032.M21.1.obj00029,Acrodin Tip Dome 3/4 Root
P032.M21.1.,28.74,obj00031,P032.M21.1.obj00031,Acrodin Tip Small Tooth Straight 3/4 Root Asymmetrical Blades
P032.M21.1.,28.74,obj00032,P032.M21.1.obj00032,Acrodin Tip Round 1/2 Root Long Cone
P032.M21.1.,28.74,obj00034,P032.M21.1.obj00034,Acrodin Tip Medium Tooth Standard Curved Right Triangle
P032.M21.1.,28.74,obj00035,P032.M21.1.obj00035,Straight Many Cusps
P032.M21.1.,28.74,obj00036,P032.M21.1.obj00036,Acrodin Tip Standard Root Small Cone
P032.M21.1.,28.74,obj00037,P032.M21.1.obj00037,Acrodin Tip Straight 3/4 Root Curved Base Funnel Tooth
P032.M21.1.,28.74,obj00038,P032.M21.1.obj00038,Acrodin Tip Rounded Straight Tiny Root
P032.M21.1.,28.74,obj00040,P032.M21.1.obj00040,Clear Straight 3/4 Root
P032.M21.1.,28.74,obj00041,P032.M21.1.obj00041,Acrodin Tip Concave 1/2 Root Thick Blades
P032.M21.1.,28.74,obj00042,P032.M21.1.obj00042,Acrodin Tip Small Cone Curved Tooth Funnel Root
P032.M21.1.,28.74,obj00043,P032.M21.1.obj00043,Acrodin Tip Small Tooth Straight 3/4 Root Asymmetrical Blades
P032.M21.1.,28.74,obj00045,P032.M21.1.obj00045,Acrodin Tip Round 1/2 Root Long Cone
P032.M21.1.,28.74,obj00046,P032.M21.1.obj00046,Acrodin Tip Dome 1/2 Root
P032.M21.1.,28.74,obj00047,P032.M21.1.obj00047,Clear Straight 3/4 Root
P032.M21.1.,28.74,obj00048,P032.M21.1.obj00048,Acrodin Tip Round 1/2 Root Long Cone
P032.M21.1.,28.74,obj00049,P032.M21.1.obj00049,Acrodin Tip Small Spearhead Dome Root Wide Tooth
P032.M21.1.,28.74,obj00051,P032.M21.1.obj00051,Acrodin Tip Small Cone No Blades Dome Root
P032.M21.1.,28.74,obj00052,P032.M21.1.obj00052,Acrodin Tip Standard Slight Curve
P032.M21.1.,28.74,obj00053,P032.M21.1.obj00053,Acrodin Tip Straight Triangle Tooth No Pulp Cavity
P032.M21.1.,28.74,obj00054,P032.M21.1.obj00054,Clear Straight 3/4 Root
P032.M21.1.,28.74,obj00055,P032.M21.1.obj00055,Acrodin Tip Standard Slight Curve
P032.M21.1.,28.74,obj00056,P032.M21.1.obj00056,Round Acrodin Tip Small Tooth Flared Blades Large Triangle Root
P035.M25.1.,29.75,obj00017,P035.M25.1.obj00017,Acrodin Tip Dome 3/4 Root
P035.M25.1.,29.75,obj00018,P035.M25.1.obj00018,Acrodin Tip Small Spearhead Tooth
P035.M25.1.,29.75,obj00019,P035.M25.1.obj00019,Acrodin Tip Funnel 3/4 Root Flat
P035.M25.1.,29.75,obj00020,P035.M25.1.obj00020,Acrodin Tip Dome 3/4 Root
P035.M25.1.,29.75,obj00022,P035.M25.1.obj00022,Acrodin Tip Small Spearhead Tooth
P035.M25.1.,29.75,obj00024,P035.M25.1.obj00024,Acrodin Tip Straight 3/4 Root Curved Base Funnel Tooth
P035.M25.1.,29.75,obj00026,P035.M25.1.obj00026,Acrodin Tip Flared Blades Straight 3/4 Root
P035.M25.1.,29.75,obj00027,P035.M25.1.obj00027,Acrodin Tip Small Spearhead Dome Root Wide Tooth
P035.M25.1.,29.75,obj00028,P035.M25.1.obj00028,Acrodin Tip Funnel 3/4 Root
P035.M25.1.,29.75,obj00029,P035.M25.1.obj00029,Acrodin Tip Small Spearhead Dome Root Wide Tooth
P035.M25.1.,29.75,obj00031,P035.M25.1.obj00031,Acrodin Tip Funnel 3/4 Root
P035.M25.1.,29.75,obj00032,P035.M25.1.obj00032,Acrodin Tip Dome 3/4 Root Deep Tooth
P035.M25.1.,29.75,obj00036,P035.M25.1.obj00036,Acrodin Tip Concave 1/2 Root Thick Blades
P035.M25.1.,29.75,obj00038,P035.M25.1.obj00038,Acrodin Tip Small Tooth Straight 3/4 Root Asymmetrical Blades
P035.M25.1.,29.75,obj00039,P035.M25.1.obj00039,Acrodin Tip Long Dark Root
P035.M25.1.,29.75,obj00040,P035.M25.1.obj00040,Acrodin Tip Small Spearhead Pointed Tooth
P035.M25.1.,29.75,obj00041,P035.M25.1.obj00041,Acrodin Tip Funnel 3/4 Root Flat
P035.M25.1.,29.75,obj00043,P035.M25.1.obj00043,Acrodin Tip Small Cone No Blades Dome Root
P035.M25.1.,29.75,obj00045,P035.M25.1.obj00045,Acrodin Tip Long Tooth Standard Curved Right Triangle
P035.M25.1.,29.75,obj00046,P035.M25.1.obj00046,Acrodin Tip Straight Triangle Tooth No Pulp Cavity
P035.M25.1.,29.75,obj00047,P035.M25.1.obj00047,Round Acrodin Tip Small Tooth Long Dummy Root Flat 
P035.M25.1.,29.75,obj00049,P035.M25.1.obj00049,Acrodin Tip Straight 3/4 Root Curved Base Funnel Tooth
P035.M25.1.,29.75,obj00050,P035.M25.1.obj00050,Acrodin Tip Flared Blades Straight 3/4 Root
P035.M25.1.,29.75,obj00051,P035.M25.1.obj00051,Acrodin Tip Long Cone No Blades Dome Root
P035.M25.1.,29.75,obj00053,P035.M25.1.obj00053,Acrodin Tip Dome 1/2 Root
P035.M25.1.,29.75,obj00054,P035.M25.1.obj00054,Acrodin Tip Small Curved Cone No Blades Dome Root
P035.M25.1.,29.75,obj00055,P035.M25.1.obj00055,Acrodin Tip Concave 1/2 Root Thick Blades
P035.M25.1.,29.75,obj00056,P035.M25.1.obj00056,Acrodin Tip Standard Slight Curve Deep Tooth
P035.M25.1.,29.75,obj00057,P035.M25.1.obj00057,Acrodin Tip Straight 3/4 Root Curved Base Funnel Tooth
P035.M25.1.,29.75,obj00058,P035.M25.1.obj00058,Round Acrodin Tip Small Tooth Flared Blades Small Triangle Root
P035.M25.1.,29.75,obj00059,P035.M25.1.obj00059,Acrodin Tip Straight 3/4 Root Curved Base Funnel Tooth
P035.M25.1.,29.75,obj00060,P035.M25.1.obj00060,Acrodin Tip Small Spearhead Tooth
P035.M25.1.,29.75,obj00061,P035.M25.1.obj00061,Acrodin Tip Straight 3/4 Root Curved Base Funnel Tooth
P035.M25.1.,29.75,obj00063,P035.M25.1.obj00063,Round Acrodin Tip Small Tooth Flared Blades Large Triangle Root
P035.M25.1.,29.75,obj00064,P035.M25.1.obj00064,Acrodin Tip Rounded Straight Tiny Root
P035.M25.1.,29.75,obj00065,P035.M25.1.obj00065,Acrodin Tip Small Spearhead Tooth
P035.M25.1.,29.75,obj00066,P035.M25.1.obj00066,Acrodin Tip Small Spearhead Tooth
P035.M25.1.,29.75,obj00069,P035.M25.1.obj00069,Round Acrodin Tip Small Tooth Flared Blades Large Root
P035.M25.1.,29.75,obj00070,P035.M25.1.obj00070,Acrodin Tip Long Dark Root
P035.M25.1.,29.75,obj00071,P035.M25.1.obj00071,Round Acrodin Tip Small Tooth Long Dummy Root
P035.M25.1.,29.75,obj00072,P035.M25.1.obj00072,Acrodin Tip Small Bladed Cone Dome Root
P035.M25.1.,29.75,obj00073,P035.M25.1.obj00073,Acrodin Tip Long Dark Root
P035.M25.1.,29.75,obj00075,P035.M25.1.obj00075,Acrodin Tip Dome 1/2 Root
P035.M25.1.,29.75,obj00076,P035.M25.1.obj00076,Acrodin Tip Concave 1/2 Root Thick Blades
P035.M25.1.,29.75,obj00078,P035.M25.1.obj00078,Acrodin Tip Long Dark Root
P035.M25.1.,29.75,obj00079,P035.M25.1.obj00079,Acrodin Tip Standard Root Small Cone
P035.M25.1.,29.75,obj00080,P035.M25.1.obj00080,Round Acrodin Tip Small Tooth Long Dummy Root
P035.M25.1.,29.75,obj00081,P035.M25.1.obj00081,Acrodin Tip Concave 1/2 Root Thick Blades
P036.M29.1.,30.8,obj00010,P036.M29.1.obj00010,Acrodin Tip Straight 3/4 Root Curved Base Funnel Tooth
P036.M29.1.,30.8,obj00011,P036.M29.1.obj00011,Acrodin Tip Long Tooth Flange Standard Curved Right Triangle
P036.M29.1.,30.8,obj00012,P036.M29.1.obj00012,Acrodin Tip Taper Flared 3/4 Root Curved Base
P036.M29.1.,30.8,obj00016,P036.M29.1.obj00016,Clear Medium Tooth Convex 3/4 Root Helm Base
P036.M29.1.,30.8,obj00017,P036.M29.1.obj00017,Acrodin Tip Small Spearhead Tooth
P036.M29.1.,30.8,obj00019,P036.M29.1.obj00019,Acrodin Tip Long Cone No Blades Dome Root
P036.M29.1.,30.8,obj00021,P036.M29.1.obj00021,Acrodin Tip Small Spearhead Tooth
P036.M29.1.,30.8,obj00022,P036.M29.1.obj00022,Acrodin Tip Small Tooth Straight 3/4 Root Asymmetrical Blades
P036.M29.1.,30.8,obj00023,P036.M29.1.obj00023,Acrodin Tip Small Spearhead Tooth
P036.M29.1.,30.8,obj00024,P036.M29.1.obj00024,Acrodin Tip Long Dark Root
P036.M29.1.,30.8,obj00025,P036.M29.1.obj00025,Acrodin Tip Straight Triangle Tooth No Pulp Cavity
P036.M29.1.,30.8,obj00026,P036.M29.1.obj00026,Acrodin Tip Flared Blades Straight 3/4 Root
P036.M29.1.,30.8,obj00028,P036.M29.1.obj00028,Acrodin Tip Concave 1/2 Root Thick Blades
P036.M29.1.,30.8,obj00029,P036.M29.1.obj00029,Acrodin Tip Funnel 3/4 Root
P036.M29.1.,30.8,obj00030,P036.M29.1.obj00030,Acrodin Tip Funnel 3/4 Root
P036.M29.1.,30.8,obj00031,P036.M29.1.obj00031,Acrodin Tip Long Dark Root
P036.M29.1.,30.8,obj00033,P036.M29.1.obj00033,Acrodin Tip Small Spearhead Tooth
P036.M29.1.,30.8,obj00035,P036.M29.1.obj00035,Acrodin Tip Long Dark Root
P036.M29.1.,30.8,obj00036,P036.M29.1.obj00036,Acrodin Tip Long Cone No Blades Dome Root
P036.M29.1.,30.8,obj00037,P036.M29.1.obj00037,Round Acrodin Tip Small Tooth Long Dummy Root
P036.M29.1.,30.8,obj00038,P036.M29.1.obj00038,Acrodin Tip Straight 3/4 Root Curved Base Funnel Tooth
P036.M29.1.,30.8,obj00039,P036.M29.1.obj00039,Acrodin Tip Round 1/2 Root Long Cone
P036.M29.1.,30.8,obj00041,P036.M29.1.obj00041,Clear Medium Tooth Blunt Tip 3/4 Root Asymmetrical Base
P036.M29.1.,30.8,obj00042,P036.M29.1.obj00042,Acrodin Tip Standard Root Small Cone
P036.M29.1.,30.8,obj00043,P036.M29.1.obj00043,Acrodin Tip Round 1/2 Root Long Cone
P036.M29.1.,30.8,obj00044,P036.M29.1.obj00044,Acrodin Tip Small Cone No Blades Dome Root
P036.M29.1.,30.8,obj00046,P036.M29.1.obj00046,Round Acrodin Tip Small Tooth Long Dummy Root Flat 
P036.M29.1.,30.8,obj00047,P036.M29.1.obj00047,Acrodin Tip Standard Root Small Cone
P036.M29.1.,30.8,obj00048,P036.M29.1.obj00048,Acrodin Tip Small One Blade Cone Dome Root
P036.M29.1.,30.8,obj00049,P036.M29.1.obj00049,Acrodin Tip Small Spearhead Tooth
P036.M29.1.,30.8,obj00050,P036.M29.1.obj00050,Acrodin Tip Dome 3/4 Root
P036.M29.1.,30.8,obj00051,P036.M29.1.obj00051,Acrodin Tip Small Spearhead Tooth
P036.M29.1.,30.8,obj00052,P036.M29.1.obj00052,Cloudy Long Cone
P036.M29.1.,30.8,obj00053,P036.M29.1.obj00053,Clear Straight 3/4 Root
P036.M29.1.,30.8,obj00054,P036.M29.1.obj00054,Acrodin Tip Concave 1/2 Root Flared Blades
P038.M33.1.,32.68,obj00021,P038.M33.1.obj00021,Cloudy Long Tooth Deep Back Slant Extended Base
P038.M33.1.,32.68,obj00030,P038.M33.1.obj00030,Acrodin Tip Dome 3/4 Root Deep Tooth
P038.M33.1.,32.68,obj00032,P038.M33.1.obj00032,Acrodin Tip Straight 1/2 Blunt Root
P038.M33.1.,32.68,obj00036,P038.M33.1.obj00036,Acrodin Tip Funnel 3/4 Root
P038.M33.1.,32.68,obj00037,P038.M33.1.obj00037,Acrodin Tip Small Spearhead Pointed Tooth
P038.M33.1.,32.68,obj00038,P038.M33.1.obj00038,Acrodin Tip Small Spearhead Tooth
P038.M33.1.,32.68,obj00039,P038.M33.1.obj00039,Acrodin Tip Small Tooth Straight 3/4 Root Asymmetrical Blades
P038.M33.1.,32.68,obj00040,P038.M33.1.obj00040,Acrodin Tip Long Dark Curved Root
P038.M33.1.,32.68,obj00044,P038.M33.1.obj00044,Acrodin Tip Small Spearhead Tooth
P038.M33.1.,32.68,obj00045,P038.M33.1.obj00045,Acrodin Tip Long Dark Root
P038.M33.1.,32.68,obj00046,P038.M33.1.obj00046,Acrodin Tip Dome 3/4 Root Deep Tooth
P038.M33.1.,32.68,obj00050,P038.M33.1.obj00050,Acrodin Tip Straight 3/4 Root Curved Base Funnel Tooth
P038.M33.1.,32.68,obj00053,P038.M33.1.obj00053,Acrodin Tip Straight 3/4 Root Curved Base
P038.M33.1.,32.68,obj00054,P038.M33.1.obj00054,Clear Straight 3/4 Root
P038.M33.1.,32.68,obj00055,P038.M33.1.obj00055,Clear Medium Tooth Convex 3/4 Root Helm Base
P038.M33.1.,32.68,obj00056,P038.M33.1.obj00056,Round Acrodin Tip Small Tooth Flared Blades Large Triangle Root
P038.M33.1.,32.68,obj00058,P038.M33.1.obj00058,Acrodin Tip Long Dark Root
P038.M33.1.,32.68,obj00059,P038.M33.1.obj00059,Acrodin Tip Dome 1/2 Root
P038.M33.1.,32.68,obj00060,P038.M33.1.obj00060,Round Acrodin Tip Small Tooth Flared Blades Large Triangle Root
P038.M33.1.,32.68,obj00061,P038.M33.1.obj00061,Acrodin Tip Small Cone Curved Tooth Funnel Root
P038.M33.1.,32.68,obj00063,P038.M33.1.obj00063,Acrodin Tip Small Cone No Blades Dome Root
P038.M33.1.,32.68,obj00068,P038.M33.1.obj00068,Acrodin Tip Long Dark Curved Root
P038.M33.1.,32.68,obj00079,P038.M33.1.obj00079,Clear Straight 3/4 Root
P038.M33.1.,32.68,obj00082,P038.M33.1.obj00082,Acrodin Tip Dome 3/4 Root
P038.M33.1.,32.68,obj00084,P038.M33.1.obj00084,Clear Straight 3/4 Root
P038.M33.1.,32.68,obj00086,P038.M33.1.obj00086,Acrodin Tip Small Spearhead Tooth
P038.M33.1.,32.68,obj00087,P038.M33.1.obj00087,Acrodin Tip Flared Blades Straight 3/4 Root
P038.M33.1.,32.68,obj00088,P038.M33.1.obj00088,Acrodin Tip Dome 1/2 Root
P038.M33.1.,32.68,obj00089,P038.M33.1.obj00089,Acrodin Tip Straight Triangle Tooth No Pulp Cavity
P038.M33.1.,32.68,obj00091,P038.M33.1.obj00091,Acrodin Tip Small Spearhead Tooth
P038.M33.1.,32.68,obj00096,P038.M33.1.obj00096,Acrodin Tip Funnel 3/4 Root Flat
P038.M33.1.,32.68,obj00102,P038.M33.1.obj00102,Acrodin Tip Dome 3/4 Root
P038.M33.1.,32.68,obj00107,P038.M33.1.obj00107,Clear Straight 3/4 Root
P038.M33.1.,32.68,obj00108,P038.M33.1.obj00108,Acrodin Tip Standard Slight Curve Deep Tooth
P038.M33.1.,32.68,obj00109,P038.M33.1.obj00109,Acrodin Tip Small One Blade Cone Dome Root
P038.M33.1.,32.68,obj00110,P038.M33.1.obj00110,Acrodin Tip Small One Blade Cone Dome Root
P038.M33.1.,32.68,obj00112,P038.M33.1.obj00112,Acrodin Tip Small Spearhead Tooth
P038.M33.1.,32.68,obj00113,P038.M33.1.obj00113,Acrodin Tip Concave 1/2 Root Thick Blades
P038.M33.1.,32.68,obj00118,P038.M33.1.obj00118,Acrodin Tip Dome 3/4 Root
P038.M33.1.,32.68,obj00119,P038.M33.1.obj00119,Round Acrodin Tip Small Tooth Flared Blades Large Triangle Root
P040.M37.1.,33.78,obj00016,P040.M37.1.obj00016,Clear Straight 3/4 Root
P040.M37.1.,33.78,obj00017,P040.M37.1.obj00017,Acrodin Tip Small Spearhead Pointed Tooth
P040.M37.1.,33.78,obj00020,P040.M37.1.obj00020,Acrodin Tip Long Dark Root
P040.M37.1.,33.78,obj00024,P040.M37.1.obj00024,Acrodin Tip Concave 1/2 Root Thick Blades
P040.M37.1.,33.78,obj00025,P040.M37.1.obj00025,Acrodin Tip Triangle Root Small Cone
P040.M37.1.,33.78,obj00028,P040.M37.1.obj00028,Acrodin Tip Long Dark Curved Root
P040.M37.1.,33.78,obj00029,P040.M37.1.obj00029,Acrodin Tip Small Spearhead Tooth
P040.M37.1.,33.78,obj00030,P040.M37.1.obj00030,Acrodin Tip Standard Slight Curve
P040.M37.1.,33.78,obj00031,P040.M37.1.obj00031,Acrodin Tip Round 1/2 Root Long Cone
P040.M37.1.,33.78,obj00032,P040.M37.1.obj00032,Acrodin Tip Small Spearhead Pointed Tooth
P040.M37.1.,33.78,obj00033,P040.M37.1.obj00033,Acrodin Tip Long Dark Root
P040.M37.1.,33.78,obj00034,P040.M37.1.obj00034,Clear Straight 3/4 Root
P040.M37.1.,33.78,obj00035,P040.M37.1.obj00035,Acrodin Tip Small Spearhead Curved Tooth
P040.M37.1.,33.78,obj00036,P040.M37.1.obj00036,Clear Straight 3/4 Root
P040.M37.1.,33.78,obj00040,P040.M37.1.obj00040,Acrodin Tip Round 1/2 Root Long Cone
P040.M37.1.,33.78,obj00041,P040.M37.1.obj00041,Clear Straight 3/4 Root
P040.M37.1.,33.78,obj00042,P040.M37.1.obj00042,Clear Small Tooth Straight 3/4 Root Asymmetrical Blades
P040.M37.1.,33.78,obj00043,P040.M37.1.obj00043,Acrodin Tip Small Spearhead Tooth
P040.M37.1.,33.78,obj00044,P040.M37.1.obj00044,Acrodin Tip Dome 3/4 Root
P040.M37.1.,33.78,obj00047,P040.M37.1.obj00047,Straight Many Cusps
P040.M37.1.,33.78,obj00049,P040.M37.1.obj00049,Acrodin Tip Concave 3/4 Root Flared Blades
P040.M37.1.,33.78,obj00051,P040.M37.1.obj00051,Acrodin Tip Long Cone No Blades Dome Root
P040.M37.1.,33.78,obj00052,P040.M37.1.obj00052,Acrodin Tip Round 1/2 Root Long Cone
P040.M37.1.,33.78,obj00053,P040.M37.1.obj00053,Acrodin Tip Straight Triangle Tooth No Pulp Cavity
P040.M37.1.,33.78,obj00054,P040.M37.1.obj00054,Acrodin Tip Standard Root Small Cone
P040.M37.1.,33.78,obj00055,P040.M37.1.obj00055,Round Acrodin Tip Small Tooth Flared Blades Large Root
P040.M37.1.,33.78,obj00056,P040.M37.1.obj00056,Acrodin Tip Small Curved Cone No Blades Dome Root
P040.M37.1.,33.78,obj00057,P040.M37.1.obj00057,Acrodin Tip Small Cone No Blades Dome Root
P040.M37.1.,33.78,obj00058,P040.M37.1.obj00058,Round Acrodin Tip Small Tooth Long Dummy Root Flat 
P040.M37.1.,33.78,obj00059,P040.M37.1.obj00059,Straight Many Cusps
P040.M37.1.,33.78,obj00060,P040.M37.1.obj00060,Acrodin Tip Small Spearhead Tooth
P040.M37.1.,33.78,obj00061,P040.M37.1.obj00061,Round Acrodin Tip Small Tooth Long Dummy Root Flat 
P040.M37.1.,33.78,obj00062,P040.M37.1.obj00062,Acrodin Tip Small Spearhead Curved Tooth
P040.M37.1.,33.78,obj00068,P040.M37.1.obj00068,Acrodin Tip Small Cone Curved Tooth Funnel Root
P040.M37.1.,33.78,obj00069,P040.M37.1.obj00069,Acrodin Tip Dome 1/2 Root
P040.M37.1.,33.78,obj00070,P040.M37.1.obj00070,Acrodin Tip Standard Root Small Cone
P040.M37.1.,33.78,obj00071,P040.M37.1.obj00071,Acrodin Tip Small Cone No Blades Dome Root
P043.M43.1.,35.34,obj00025,P043.M43.1.obj00025,Acrodin Tip Long Dark Root
P043.M43.1.,35.34,obj00031,P043.M43.1.obj00031,Acrodin Tip Long Dark Root
P043.M43.1.,35.34,obj00032,P043.M43.1.obj00032,Acrodin Tip Beak 1/2 Root Convex Base
P043.M43.1.,35.34,obj00033,P043.M43.1.obj00033,Acrodin Tip Standard Slight Curve
P043.M43.1.,35.34,obj00035,P043.M43.1.obj00035,Acrodin Tip Dome 3/4 Root Deep Tooth
P043.M43.1.,35.34,obj00036,P043.M43.1.obj00036,Acrodin Tip Long Dark Root
P043.M43.1.,35.34,obj00037,P043.M43.1.obj00037,Acrodin Tip Beak 1/2 Root Concave Base
P043.M43.1.,35.34,obj00038,P043.M43.1.obj00038,Acrodin Tip Small Spearhead Tooth
P043.M43.1.,35.34,obj00049,P043.M43.1.obj00049,Acrodin Tip Concave 3/4 Root Flared Blades
P043.M43.1.,35.34,obj00050,P043.M43.1.obj00050,Acrodin Tip Standard Slight Curve
P043.M43.1.,35.34,obj00051,P043.M43.1.obj00051,Round Clear Tip Flared Blades Dome Root
P043.M43.1.,35.34,obj00054,P043.M43.1.obj00054,Round Acrodin Tip Small Tooth Flared Blades Large Triangle Root
P043.M43.1.,35.34,obj00055,P043.M43.1.obj00055,Acrodin Tip Round 1/2 Root Long Cone
P043.M43.1.,35.34,obj00056,P043.M43.1.obj00056,Clear Straight 3/4 Root
P043.M43.1.,35.34,obj00059,P043.M43.1.obj00059,Acrodin Tip Small Cone No Blades Dome Root
P043.M43.1.,35.34,obj00061,P043.M43.1.obj00061,Round Acrodin Tip Small Tooth Flared Blades Large Root
P043.M43.1.,35.34,obj00062,P043.M43.1.obj00062,Round Acrodin Tip Small Tooth Long Dummy Root
P043.M43.1.,35.34,obj00063,P043.M43.1.obj00063,Round Acrodin Tip Small Tooth Flared Blades Small Triangle Root
P043.M43.1.,35.34,obj00064,P043.M43.1.obj00064,Acrodin Tip Long Cone No Blades Dome Root
P043.M43.1.,35.34,obj00065,P043.M43.1.obj00065,Acrodin Tip Long Dark Root
P043.M43.1.,35.34,obj00066,P043.M43.1.obj00066,Acrodin Tip Long Dark Root
P043.M43.1.,35.34,obj00071,P043.M43.1.obj00071,Round Acrodin Tip Small Tooth Long Dummy Root
P043.M43.1.,35.34,obj00072,P043.M43.1.obj00072,Acrodin Tip Standard Slight Curve
P043.M43.1.,35.34,obj00074,P043.M43.1.obj00074,Acrodin Tip Small Cone No Blades Dome Root
P043.M43.1.,35.34,obj00075,P043.M43.1.obj00075,Acrodin Tip Small Spearhead Tooth
P043.M43.1.,35.34,obj00077,P043.M43.1.obj00077,Acrodin Tip Concave 1/2 Root Thick Blades
P043.M43.1.,35.34,obj00078,P043.M43.1.obj00078,Acrodin Tip Standard Slight Curve
P043.M43.1.,35.34,obj00079,P043.M43.1.obj00079,Round Acrodin Tip Small Tooth Flared Blades Small Triangle Root
P043.M43.1.,35.34,obj00080,P043.M43.1.obj00080,Acrodin Tip Straight 3/4 Root Curved Base Funnel Tooth
P043.M43.1.,35.34,obj00084,P043.M43.1.obj00084,Round Acrodin Tip Small Tooth Long Dummy Root
P043.M43.1.,35.34,obj00086,P043.M43.1.obj00086,Acrodin Tip Skinny Straight 1/2 Root
P043.M43.1.,35.34,obj00087,P043.M43.1.obj00087,Acrodin Tip Long Dark Curved Root
P043.M43.1.,35.34,obj00088,P043.M43.1.obj00088,Acrodin Tip Concave 1/2 Root Thick Blades
P043.M43.1.,35.34,obj00090,P043.M43.1.obj00090,Round Acrodin Tip Small Tooth Flared Blades Small Triangle Root
P043.M43.1.,35.34,obj00094,P043.M43.1.obj00094,Acrodin Tip Small Spearhead Tooth
P043.M43.1.,35.34,obj00095,P043.M43.1.obj00095,Round Acrodin Tip Small Tooth Flared Blades Large Triangle Root
P043.M43.1.,35.34,obj00097,P043.M43.1.obj00097,Round Acrodin Tip Small Tooth Flared Blades Small Triangle Root
P043.M43.1.,35.34,obj00106,P043.M43.1.obj00106,Acrodin Tip Standard Root Small Cone
P046.M48.1.,36.59,obj00011,P046.M48.1.obj00011,Acrodin Tip Dome 3/4 Root
P046.M48.1.,36.59,obj00013,P046.M48.1.obj00013,Acrodin Tip Small Spearhead Pointed Tooth
P046.M48.1.,36.59,obj00015,P046.M48.1.obj00015,Acrodin Tip Standard Slight Curve Deep Tooth
P046.M48.1.,36.59,obj00016,P046.M48.1.obj00016,Acrodin Tip Small Cone No Blades Dome Root
P046.M48.1.,36.59,obj00017,P046.M48.1.obj00017,Acrodin Tip Small Cone No Blades Dome Root
P046.M48.1.,36.59,obj00018,P046.M48.1.obj00018,Acrodin Tip Small Spearhead Tooth
P046.M48.1.,36.59,obj00019,P046.M48.1.obj00019,Acrodin Tip Dome 3/4 Root Deep Tooth
P046.M48.1.,36.59,obj00023,P046.M48.1.obj00023,Acrodin Tip Small Cone No Blades Dome Root
P046.M48.1.,36.59,obj00024,P046.M48.1.obj00024,Acrodin Tip Straight 3/4 Root No Blades
P046.M48.1.,36.59,obj00027,P046.M48.1.obj00027,Round Acrodin Tip Small Tooth Flared Blades Large Triangle Root
P046.M48.1.,36.59,obj00030,P046.M48.1.obj00030,Acrodin Tip Standard Root Small Cone
P046.M48.1.,36.59,obj00031,P046.M48.1.obj00031,Acrodin Tip Funnel 3/4 Root Flat
P046.M48.1.,36.59,obj00032,P046.M48.1.obj00032,Acrodin Tip Beak 1/2 Root Concave Base
P046.M48.1.,36.59,obj00033,P046.M48.1.obj00033,Acrodin Tip Round 1/2 Root Long Cone
P046.M48.1.,36.59,obj00034,P046.M48.1.obj00034,Acrodin Tip Long Tooth Flange Standard Curved Right Triangle
P046.M48.1.,36.59,obj00035,P046.M48.1.obj00035,Acrodin Tip Beak 1/2 Root Concave Base
P046.M48.1.,36.59,obj00036,P046.M48.1.obj00036,Acrodin Tip Long Tooth Standard Curved Right Triangle
P046.M48.1.,36.59,obj00037,P046.M48.1.obj00037,Round Acrodin Tip Small Tooth Flared Blades Large Triangle Root
P046.M48.1.,36.59,obj00038,P046.M48.1.obj00038,Acrodin Tip Small Spearhead Tooth
P046.M48.1.,36.59,obj00039,P046.M48.1.obj00039,Acrodin Tip Funnel 3/4 Root
P046.M48.1.,36.59,obj00040,P046.M48.1.obj00040,Acrodin Tip Small Spearhead Curved Tooth
P046.M48.1.,36.59,obj00041,P046.M48.1.obj00041,Round Acrodin Tip Small Tooth Long Dummy Root
P046.M48.1.,36.59,obj00042,P046.M48.1.obj00042,Acrodin Tip Small Spearhead Tooth
P046.M48.1.,36.59,obj00043,P046.M48.1.obj00043,Acrodin Tip Funnel 3/4 Root
P046.M48.1.,36.59,obj00050,P046.M48.1.obj00050,Round Acrodin Tip Small Tooth Flared Blades Small Triangle Root
P046.M48.1.,36.59,obj00051,P046.M48.1.obj00051,Acrodin Tip Straight 3/4 Root Curved Base Funnel Tooth
P046.M48.1.,36.59,obj00052,P046.M48.1.obj00052,Clear Straight 3/4 Root
P046.M48.1.,36.59,obj00053,P046.M48.1.obj00053,Acrodin Tip Small Spearhead Tooth
P046.M48.1.,36.59,obj00055,P046.M48.1.obj00055,Acrodin Tip Standard Slight Curve
P046.M48.1.,36.59,obj00057,P046.M48.1.obj00057,Acrodin Tip Dome 3/4 Root
P046.M48.1.,36.59,obj00059,P046.M48.1.obj00059,Acrodin Tip Dome 3/4 Root Deep Tooth
P046.M48.1.,36.59,obj00060,P046.M48.1.obj00060,Acrodin Tip Funnel 3/4 Root
P046.M48.1.,36.59,obj00061,P046.M48.1.obj00061,Acrodin Tip Small Cone No Blades Dome Root
P046.M48.1.,36.59,obj00062,P046.M48.1.obj00062,Acrodin Tip Dome 1/2 Root
P046.M48.1.,36.59,obj00064,P046.M48.1.obj00064,Acrodin Tip Long Dark Curved Root
P046.M48.1.,36.59,obj00065,P046.M48.1.obj00065,Acrodin Tip Small Spearhead Tooth
P046.M48.1.,36.59,obj00067,P046.M48.1.obj00067,Round Acrodin Tip Small Tooth Flared Blades Large Triangle Root
P046.M48.1.,36.59,obj00069,P046.M48.1.obj00069,Round Acrodin Tip Small Tooth Flared Blades Large Triangle Root
P046.M48.1.,36.59,obj00071,P046.M48.1.obj00071,Acrodin Tip Standard Slight Curve
P046.M48.1.,36.59,obj00072,P046.M48.1.obj00072,Acrodin Tip Long Dark Root
P046.M48.1.,36.59,obj00073,P046.M48.1.obj00073,Acrodin Tip Small Spearhead Tooth
P046.M48.1.,36.59,obj00074,P046.M48.1.obj00074,Acrodin Tip Standard Root Small Cone
P046.M48.1.,36.59,obj00075,P046.M48.1.obj00075,Acrodin Tip Small Cone No Blades Dome Root
P046.M48.1.,36.59,obj00076,P046.M48.1.obj00076,Clear Small Tooth Straight 3/4 Root Asymmetrical Blades
P046.M48.1.,36.59,obj00077,P046.M48.1.obj00077,Acrodin Tip Beak 1/2 Root Concave Base
P046.M48.1.,36.59,obj00078,P046.M48.1.obj00078,Acrodin Tip Dome 3/4 Root
P046.M48.1.,36.59,obj00080,P046.M48.1.obj00080,Acrodin Tip Long Dark Root
P046.M48.1.,36.59,obj00081,P046.M48.1.obj00081,Acrodin Tip Long Tooth Standard Curved Right Triangle
P046.M48.1.,36.59,obj00082,P046.M48.1.obj00082,Acrodin Tip Concave 1/2 Root Thick Blades
P046.M48.1.,36.59,obj00083,P046.M48.1.obj00083,Acrodin Tip Funnel 3/4 Root Flat
P046.M48.1.,36.59,obj00084,P046.M48.1.obj00084,Acrodin Tip Round 1/2 Root Long Cone
P051.M59.1.,39.42,obj00042,P051.M59.1.obj00042,Acrodin Tip Flared Blades Straight 3/4 Root
P051.M59.1.,39.42,obj00043,P051.M59.1.obj00043,Acrodin Tip Long Tooth Flange Standard Curved Right Triangle
P051.M59.1.,39.42,obj00044,P051.M59.1.obj00044,Acrodin Tip Flared Blades Straight 3/4 Root
P051.M59.1.,39.42,obj00046,P051.M59.1.obj00045,Acrodin Tip Standard Slight Curve
P051.M59.1.,39.42,obj00047,P051.M59.1.obj00046,Acrodin Tip Long Dark Root
P051.M59.1.,39.42,obj00049,P051.M59.1.obj00047,Round Acrodin Tip Small Tooth Flared Blades Large Triangle Root
P051.M59.1.,39.42,obj00050,P051.M59.1.obj00048,Acrodin Tip Small Cone No Blades Dome Root
P051.M59.1.,39.42,obj00052,P051.M59.1.obj00049,Acrodin Tip Funnel 3/4 Root Flat
P051.M59.1.,39.42,obj00057,P051.M59.1.obj00050,Acrodin Tip Long Dark Root
P051.M59.1.,39.42,obj00058,P051.M59.1.obj00051,Acrodin Tip Long Dark Root
P051.M59.1.,39.42,obj00060,P051.M59.1.obj00052,Acrodin Tip Concave 1/2 Root Thick Blades
P051.M59.1.,39.42,obj00062,P051.M59.1.obj00053,Round Acrodin Tip Small Tooth Long Dummy Root Flat 
P051.M59.1.,39.42,obj00065,P051.M59.1.obj00054,Acrodin Tip Concave 1/2 Root Thick Blades
P051.M59.1.,39.42,obj00069,P051.M59.1.obj00055,Acrodin Tip Small Spearhead Pointed Tooth
P051.M59.1.,39.42,obj00070,P051.M59.1.obj00056,Acrodin Tip Beak 1/2 Root Concave Base
P051.M59.1.,39.42,obj00071,P051.M59.1.obj00057,Acrodin Tip Standard Root Small Cone
P051.M59.1.,39.42,obj00074,P051.M59.1.obj00058,Acrodin Tip Funnel 3/4 Root Flat
P051.M59.1.,39.42,obj00075,P051.M59.1.obj00059,Acrodin Tip Dome 3/4 Root
P051.M59.1.,39.42,obj00076,P051.M59.1.obj00060,Cloudy Standard Curved Right Triangle
P051.M59.1.,39.42,obj00078,P051.M59.1.obj00061,Acrodin Tip Dome 3/4 Root
P051.M59.1.,39.42,obj00083,P051.M59.1.obj00062,Round Acrodin Tip Small Tooth Flared Blades Large Triangle Root
P051.M59.1.,39.42,obj00085,P051.M59.1.obj00063,Acrodin Tip Small Spearhead Curved Tooth
P051.M59.1.,39.42,obj00088,P051.M59.1.obj00064,Acrodin Tip Small Spearhead Curved Tooth
P051.M59.1.,39.42,obj00089,P051.M59.1.obj00065,Acrodin Tip Standard Root Small Cone
P051.M59.1.,39.42,obj00090,P051.M59.1.obj00066,Acrodin Tip Round 1/2 Root Long Cone
P051.M59.1.,39.42,obj00091,P051.M59.1.obj00067,Acrodin Tip Long Dark Root
P051.M59.1.,39.42,obj00092,P051.M59.1.obj00068,Acrodin Tip Small Spearhead Pointed Tooth
P051.M59.1.,39.42,obj00093,P051.M59.1.obj00069,Acrodin Tip Concave 1/2 Root Thick Blades
P051.M59.1.,39.42,obj00095,P051.M59.1.obj00070,Acrodin Tip Long Dark Root
P051.M59.1.,39.42,obj00098,P051.M59.1.obj00071,Acrodin Tip Round 1/2 Root Long Cone
P051.M59.1.,39.42,obj00101,P051.M59.1.obj00072,Round Acrodin Tip Small Tooth Long Dummy Root
P051.M59.1.,39.42,obj00104,P051.M59.1.obj00073,Acrodin Tip Small Cone No Blades Dome Root
P051.M59.1.,39.42,obj00105,P051.M59.1.obj00074,Round Acrodin Tip Small Tooth Long Dummy Root
P051.M59.1.,39.42,obj00107,P051.M59.1.obj00075,Acrodin Tip Straight 1/2 Blunt Root
P051.M59.1.,39.42,obj00111,P051.M59.1.obj00076,Acrodin Tip Long Tooth Flange Standard Curved Right Triangle
P051.M59.1.,39.42,obj00112,P051.M59.1.obj00077,Acrodin Tip Funnel 3/4 Root
P051.M59.1.,39.42,obj00115,P051.M59.1.obj00078,Acrodin Tip Funnel 3/4 Root Flat
P051.M59.1.,39.42,obj00116,P051.M59.1.obj00079,Acrodin Tip Small Spearhead Pointed Tooth
P051.M59.1.,39.42,obj00117,P051.M59.1.obj00080,Clear Straight 3/4 Root
P051.M59.1.,39.42,obj00120,P051.M59.1.obj00081,Acrodin Tip Concave 1/2 Root Thick Blades
P051.M59.1.,39.42,obj00121,P051.M59.1.obj00082,Acrodin Tip Small Spearhead Tooth
P051.M59.1.,39.42,obj00122,P051.M59.1.obj00083,Acrodin Tip Triangle Root Small Cone
P051.M59.1.,39.42,obj00123,P051.M59.1.obj00084,Acrodin Tip Round 1/2 Root Long Cone
P051.M59.1.,39.42,obj00129,P051.M59.1.obj00085,Acrodin Tip Standard Root Small Cone
P051.M59.1.,39.42,obj00130,P051.M59.1.obj00086,Acrodin Tip Small Spearhead Tooth
P051.M59.1.,39.42,obj00131,P051.M59.1.obj00087,Acrodin Tip Dome 3/4 Root
P051.M59.1.,39.42,obj00137,P051.M59.1.obj00088,Acrodin Tip Small Cone No Blades Dome Root
P051.M59.1.,39.42,obj00138,P051.M59.1.obj00089,Acrodin Tip Dome 3/4 Root
P051.M59.1.,39.42,obj00140,P051.M59.1.obj00090,Round Acrodin Tip Small Tooth Long Dummy Root Flat 
P051.M59.1.,39.42,obj00141,P051.M59.1.obj00091,Acrodin Tip Dome 3/4 Root
P051.M59.1.,39.42,obj00142,P051.M59.1.obj00092,Acrodin Tip Dome 3/4 Root Deep Tooth
P051.M59.1.,39.42,obj00143,P051.M59.1.obj00093,Acrodin Tip Skinny Straight 1/2 Root
P051.M59.1.,39.42,obj00145,P051.M59.1.obj00094,Acrodin Tip Round 1/2 Root Long Cone
P051.M59.1.,39.42,obj00150,P051.M59.1.obj00095,Clear Medium Tooth Blunt Tip 3/4 Root
P051.M59.1.,39.42,obj00151,P051.M59.1.obj00096,Acrodin Tip Standard Root Small Cone
P051.M59.1.,39.42,obj00153,P051.M59.1.obj00097,Acrodin Tip Long Tooth Flange Standard Curved Right Triangle
P051.M59.1.,39.42,obj00154,P051.M59.1.obj00098,Acrodin Tip Funnel 3/4 Root
P051.M59.1.,39.42,obj00155,P051.M59.1.obj00099,Acrodin Tip Standard Root Small Cone
P051.M59.1.,39.42,obj00156,P051.M59.1.obj00100,Round Acrodin Tip Small Tooth Long Dummy Root Flat 
P051.M59.1.,39.42,obj00157,P051.M59.1.obj00101,Acrodin Tip Straight 3/4 Root No Blades
P051.M59.1.,39.42,obj00158,P051.M59.1.obj00102,Acrodin Tip Medium Tooth Standard Curved Right Triangle
P051.M59.1.,39.42,obj00159,P051.M59.1.obj00103,Acrodin Tip Standard Root Small Cone
P051.M59.1.,39.42,obj00161,P051.M59.1.obj00104,Acrodin Tip Straight 3/4 Root Curved Base
P051.M59.1.,39.42,obj00163,P051.M59.1.obj00105,Acrodin Tip Small Cone No Blades Dome Root
P051.M59.1.,39.42,obj00167,P051.M59.1.obj00106,Acrodin Tip Small Spearhead Curved Tooth
P051.M59.1.,39.42,obj00168,P051.M59.1.obj00107,Acrodin Tip Standard Root Small Cone
P051.M59.1.,39.42,obj00169,P051.M59.1.obj00108,Acrodin Tip Funnel 3/4 Root
P051.M59.1.,39.42,obj00172,P051.M59.1.obj00109,Acrodin Tip Flared Blades Straight 3/4 Root
P051.M59.1.,39.42,obj00173,P051.M59.1.obj00110,Acrodin Tip Straight 3/4 Root Curved Base
P051.M59.1.,39.42,obj00174,P051.M59.1.obj00111,Round Acrodin Tip Small Tooth Long Dummy Root
P051.M59.1.,39.42,obj00175,P051.M59.1.obj00112,Round Acrodin Tip Small Tooth Flared Blades Small Triangle Root
