Sample,AgeID,ObjID,Actual Full ID,Morphotype_Name
ANT01.001.1,28.55908,obj00003,ANT01-001-10H-1W-10-13cm_obj00003,Acrodin Tip Long Dark Root
ANT01.001.1,28.55908,obj00005,ANT01-001-10H-1W-10-13cm_obj00005,Acrodin Tip Small Cone No Blades Dome Root
ANT01.001.1,28.55908,obj00007,ANT01-001-10H-1W-10-13cm_obj00007,Acrodin Tip Triangle Root Small Cone
ANT01.002.1,28.64824,obj00001,ANT01-002-10H-1W-61-65cm_obj00001,Acrodin Tip Long Dark Root
ANT03.005.1,28.91047,obj00001,ANT03-005-10H-2W-61-65cm_obj00001,Acrodin Tip Small Spearhead Tooth
ANT03.005.1,28.91047,obj00002,ANT03-005-10H-2W-61-65cm_obj00002,Acrodin Tip Small Spearhead Tooth
ANT03.005.1,28.91047,obj00004,ANT03-005-10H-2W-61-65cm_obj00004,Acrodin Tip Rounded Straight Tiny Root
ANT04.007.1,29.08354,obj00001,ANT04-007-10H-3W-10-14cm_obj00001,Acrodin Tip Funnel 3/4 Root Flat
ANT04.007.1,29.08354,obj00003,ANT04-007-10H-3W-10-14cm_obj00003,Patrick Sans Arms Tooth
ANT04.007.1,29.08354,obj00004,ANT04-007-10H-3W-10-14cm_obj00004,Acrodin Tip Small Spearhead Tooth
ANT04.008.1,29.17095,obj00002,ANT04-008-10H-3W-60-63cm_obj00002,Acrodin Tip Funnel 3/4 Root Flat
ANT05.010.1,29.34577,obj00001,ANT05-010-10H-4W-10-15cm_obj00001,Clear Straight 3/4 Root
ANT05.010.1,29.34577,obj00004,ANT05-010-10H-4W-10-15cm_obj00004,Acrodin Tip Small Curved Cone No Blades Dome Root
ANT05.010.1,29.34577,obj00005,ANT05-010-10H-4W-10-15cm_obj00005,Acrodin Tip Small Cone No Blades Dome Root
ANT06.011.1,29.43318,obj00001,ANT06-011-10H-4W-60-63cm_obj00001,Acrodin Tip Beak 1/2 Root Concave Base
ANT07.014.1,29.6954,obj00001,ANT07-014-10H-5W-60-63cm_obj00001,Round Acrodin Tip Small Tooth Flared Blades Large Triangle Root
ANT08.015.1,29.78281,obj00001,ANT08-015-10H-5W-110-113cm_obj00001,Acrodin Tip Funnel 3/4 Root Flat
ANT08.015.1,29.78281,obj00004,ANT08-015-10H-5W-110-113cm_obj00004,Round Acrodin Tip Small Tooth Flared Blades Small Triangle Root
ANT09.017.1,29.95763,obj00001,ANT09-017-10H-6W-60-63cm_obj00001,Acrodin Tip Long Dark Root
ANT09.018.1,30.28804,obj00001,ANT09-018-11H-1W-39-44cm_obj00001,Round Acrodin Tip Small Tooth Flared Blades Large Triangle Root
ANT10.019.1,30.34058,obj00003,ANT10-019-11H-1W-70-73cm_obj00003,Acrodin Tip Funnel 3/4 Root
ANT10.019.1,30.34058,obj00004,ANT10-019-11H-1W-70-73cm_obj00004,Round Acrodin Tip Small Tooth Flared Blades Small Triangle Root
ANT10.020.1,30.41612,obj00001,ANT10-020-11H-1W-120-123cm_obj00001,Round Acrodin Tip Small Tooth Flared Blades Large Triangle Root
ANT11.021.1,30.47656,obj00001,ANT11-021-11H-2W-10-15cm_obj00001,Acrodin Tip Funnel 3/4 Root
ANT11.021.1,30.47656,obj00002,ANT11-021-11H-2W-10-15cm_obj00002,Acrodin Tip Standard Root Small Cone
ANT11.022.1,30.5521,obj00002,ANT11-022-11H-2W-60-63cm_obj00002,Acrodin Tip Small Tooth Straight 3/4 Root Asymmetrical Blades
ANT12.023.1,30.62614,obj00002,ANT12-023-11H-2W-109-113cm_obj00002,Acrodin Tip Small Curved Cone No Blades Dome Root
ANT12.023.1,30.62614,obj00006,ANT12-023-11H-2W-109-113cm_obj00006,Acrodin Tip Small Tooth Straight 3/4 Root Asymmetrical Blades
ANT12.023.1,30.62614,obj00008,ANT12-023-11H-2W-109-113cm_obj00008,Acrodin Tip Standard Root Small Cone
ANT13.025.1,30.77874,obj00001,ANT13-025-11H-3W-60-63cm_obj00001,Acrodin Tip Small Spearhead Tooth
ANT13.025.1,30.77874,obj00004,ANT13-025-11H-3W-60-63cm_obj00004,Acrodin Tip Small Tooth Straight 3/4 Root Asymmetrical Blades
ANT13.026.1,30.85429,obj00001,ANT13-026-11H-3W-110-114cm_obj00001,Acrodin Tip Standard Slight Curve
ANT14.027.1,30.92983,obj00001,ANT14-027-11H-4W-10-13cm_obj00001,Acrodin Tip Small Spearhead Dome Root Wide Tooth
ANT15.029.1,31.08093,obj00001,ANT15-029-11H-4W-110-113cm_obj00001,Acrodin Tip Small Spearhead Tooth
ANT15.029.1,31.08093,obj00002,ANT15-029-11H-4W-110-113cm_obj00002,Acrodin Tip Dome 3/4 Root
ANT15.030.1,31.161,obj00002,ANT15-030-11H-5W-13-17cm_obj00002,Acrodin Tip Funnel 3/4 Root Flat
ANT15.030.1,31.161,obj00003,ANT15-030-11H-5W-13-17cm_obj00003,Acrodin Tip Small Tooth Straight 3/4 Root Asymmetrical Blades
ANT15.030.1,31.161,obj00004,ANT15-030-11H-5W-13-17cm_obj00004,Acrodin Tip Small Cone No Blades Dome Root
ANT16.031.1,31.23202,obj00002,ANT16-031-11H-5W-60-63cm_obj00002,Acrodin Tip Concave 1/2 Root Thick Blades
ANT16.031.1,31.23202,obj00005,ANT16-031-11H-5W-60-63cm_obj00005,Round Acrodin Tip Small Tooth Flared Blades Large Triangle Root
ANT16.032.1,31.31512,obj00002,ANT16-032-11H-5W-115-121cm_obj00002,Acrodin Tip Small Tooth Straight 3/4 Root Asymmetrical Blades
ANT17.034.1,31.86207,obj00002,ANT17-034-12H-1W-107-110cm_obj00002,Acrodin Tip Small Spearhead Tooth
ANT18.035.1,31.94064,obj00007,ANT18-035-12H-2W-9-14cm_obj00007,Acrodin Tip Small Spearhead Tooth
ANT18.035.1,31.94064,obj00011,ANT18-035-12H-2W-9-14cm_obj00011,Acrodin Tip Concave 1/2 Root Thick Blades
ANT18.035.1,31.94064,obj00012,ANT18-035-12H-2W-9-14cm_obj00012,Round Acrodin Tip Small Tooth Flared Blades Small Triangle Root
ANT18.036.1,32.01769,obj00008,ANT18-036-12H-2W-60-63cm_obj00008,Round Acrodin Tip Small Tooth Flared Blades Large Triangle Root
ANT18.036.1,32.01769,obj00009,ANT18-036-12H-2W-60-63cm_obj00009,Acrodin Tip Small Cone No Blades Dome Root
ANT18.036.1,32.01769,obj00010,ANT18-036-12H-2W-60-63cm_obj00010,Round Clear Tip Flared Blades Dome Root
ANT19.037.1,32.1056,obj00002,ANT19-037-12H-2W-107-110cm_obj00002,Acrodin Tip Funnel 3/4 Root Flat
ANT19.038.1,32.2328,obj00012,ANT19-038-12H-3W-10-13cm_obj00012,Acrodin Tip Funnel 3/4 Root Flat
ANT19.038.1,32.2328,obj00013,ANT19-038-12H-3W-10-13cm_obj00013,Acrodin Tip Funnel 3/4 Root Flat
ANT19.038.1,32.2328,obj00014,ANT19-038-12H-3W-10-13cm_obj00014,Acrodin Tip Long Dark Root
ANT19.038.1,32.2328,obj00019,ANT19-038-12H-3W-10-13cm_obj00019,Acrodin Tip Beak 1/2 Root Concave Base
ANT19.038.1,32.2328,obj00029,ANT19-038-12H-3W-10-13cm_obj00029,Acrodin Tip Long Dark Root
ANT20.039.1,32.3528,obj00002,ANT20-039-12H-3W-60-63cm_obj00002,Acrodin Tip Triangle Root Small Cone
ANT20.039.1,32.3528,obj00004,ANT20-039-12H-3W-60-63cm_obj00004,Acrodin Tip Small Spearhead Tooth
ANT20.039.1,32.3528,obj00013,ANT20-039-12H-3W-60-63cm_obj00013,Acrodin Tip Concave 1/2 Root Thick Blades
ANT20.039.1,32.3528,obj00017,ANT20-039-12H-3W-60-63cm_obj00017,Acrodin Tip Long Dark Root
ANT20.040.1,32.4704,obj00004,ANT20-040-12H-3W-109-112cm_obj00004,Round Acrodin Tip Small Tooth Flared Blades Small Triangle Root
ANT21.041.1,32.5928,obj00007,ANT21-041-12H-4W-10-13cm_obj00007,Acrodin Tip Beak 1/2 Root Convex Base
ANT21.041.1,32.5928,obj00010,ANT21-041-12H-4W-10-13cm_obj00010,Acrodin Tip Long Dark Root
ANT21.041.1,32.5928,obj00012,ANT21-041-12H-4W-10-13cm_obj00012,Acrodin Tip Small Spearhead Tooth
ANT21.042.1,32.7128,obj00003,ANT21-042-12H-4W-60-63cm_obj00003,Acrodin Tip Dome 3/4 Root
ANT21.042.1,32.7128,obj00004,ANT21-042-12H-4W-60-63cm_obj00004,Acrodin Tip Funnel 3/4 Root Flat
ANT21.042.1,32.7128,obj00005,ANT21-042-12H-4W-60-63cm_obj00005,Acrodin Tip Concave 1/2 Root Thick Blades
ANT22.043.1,32.8256,obj00002,ANT22-043-12H-4W-107-110cm_obj00002,Acrodin Tip Triangle Root Small Cone
ANT22.044.1,32.9556,obj00001,ANT22-044-12H-5W-12-17cm_obj00001,Acrodin Tip Funnel 3/4 Root Flat
ANT22.044.1,32.9556,obj00002,ANT22-044-12H-5W-12-17cm_obj00002,Acrodin Tip Funnel 3/4 Root
ANT23.045.1,33.0668,obj00003,ANT23-045-12H-5W-60-63cm_obj00003,Acrodin Tip Standard Root Small Cone
ANT23.045.1,33.0668,obj00004,ANT23-045-12H-5W-60-63cm_obj00004,Acrodin Tip Standard Root Small Cone
ANT23.045.1,33.0668,obj00005,ANT23-045-12H-5W-60-63cm_obj00005,Round Acrodin Tip Small Tooth Flared Blades Large Triangle Root
ANT23.046.1,33.17569,obj00004,ANT23-046-12H-5W-107-112cm_obj00004,Acrodin Tip Small Cone No Blades Dome Root
ANT24.047.1,33.30079,obj00008,ANT24-047-12H-6W-11-14cm_obj00008,Acrodin Tip Long Dark Root
ANT24.047.1,33.30079,obj00010,ANT24-047-12H-6W-11-14cm_obj00010,Acrodin Tip Concave 1/2 Root Thick Blades
ANT24.048.1,33.41431,obj00007,ANT24-048-12H-6W-60-63cm_obj00007,Acrodin Tip Long Dark Root
ANT24.048.1,33.41431,obj00009,ANT24-048-12H-6W-60-63cm_obj00009,Acrodin Tip Standard Slight Curve
ANT25.049.1,33.52319,obj00002,ANT25-049-12H-6W-107-110cm_obj00002,Round Acrodin Tip Small Tooth Long Dummy Root
ANT25.049.1,33.52319,obj00008,ANT25-049-12H-6W-107-110cm_obj00008,Acrodin Tip Long Dark Root
ANT25.050.1,33.64598,obj00002,ANT25-050-12H-7W-10-13cm_obj00002,Acrodin Tip Long Dark Root
ANT26.052.1,33.90081,obj00002,ANT26-052-13H-1W-60-63cm_obj00002,Patrick Sans Arms Tooth Straight
ANT27.053.1,34.00738,obj00002,ANT27-053-13H-1W-106-110cm_obj00002,Acrodin Tip Long Dark Root
ANT27.053.1,34.00738,obj00003,ANT27-053-13H-1W-106-110cm_obj00003,Patrick Sans Arms Tooth Straight
ANT27.053.1,34.00738,obj00005,ANT27-053-13H-1W-106-110cm_obj00005,Acrodin Tip Small Cone No Blades Dome Root
ANT27.054.1,34.12785,obj00001,ANT27-054-13H-2W-8-12cm_obj00001,Acrodin Tip Long Dark Root
ANT28.056.1,34.36183,obj00001,ANT28-056-13H-2W-109-114cm_obj00001,Acrodin Tip Long Dark Root
ANT28.056.1,34.36183,obj00002,ANT28-056-13H-2W-109-114cm_obj00002,Acrodin Tip Dome 1/2 Root
ANT28.056.1,34.36183,obj00004,ANT28-056-13H-2W-109-114cm_obj00004,Acrodin Tip Small Cone Curved Tooth Funnel Root
ANT29.057.1,34.47767,obj00010,ANT29-057-13H-3W-9-12cm_obj00010,Acrodin Tip Funnel 3/4 Root Flat
ANT29.058.1,34.59582,obj00003,ANT29-058-13H-3W-60-63cm_obj00003,Acrodin Tip Funnel 3/4 Root
ANT30.059.1,34.70702,obj00004,ANT30-059-13H-3W-108-111cm_obj00004,Acrodin Tip Funnel 3/4 Root
ANT30.059.1,34.70702,obj00005,ANT30-059-13H-3W-108-111cm_obj00005,Round Acrodin Tip Small Tooth Flared Blades Large Triangle Root
ANT30.060.1,34.82285,obj00002,ANT30-060-13H-4W-8-11cm_obj00002,Acrodin Tip Standard Root Small Cone
ANT32.063.1,35.18426,obj00001,ANT32-063-13H-5W-14-18cm_obj00001,Acrodin Tip Funnel 3/4 Root Flat
ANT33.065.1,35.52481,obj00001,ANT33-065-13H-6W-11-14cm_obj00001,Patrick Sans Arms Tooth
ANT33.065.1,35.52481,obj00002,ANT33-065-13H-6W-11-14cm_obj00002,Acrodin Tip Skinny Straight 1/2 Root
ANT33.066.1,35.63833,obj00001,ANT33-066-13H-6W-60-65cm_obj00001,Acrodin Tip Long Dark Root
ANT34.067.1,35.87555,obj00001,ANT34-067-13H-7W-14-18cm_obj00001,Acrodin Tip Long Dark Root
ANT34.067.1,35.87555,obj00002,ANT34-067-13H-7W-14-18cm_obj00002,Acrodin Tip Long Dark Root
ANT34.067.1,35.87555,obj00003,ANT34-067-13H-7W-14-18cm_obj00003,Acrodin Tip Concave 1/2 Root Thick Blades
ANT34.067.1,35.87555,obj00004,ANT34-067-13H-7W-14-18cm_obj00004,Acrodin Tip Concave 1/2 Root Thick Blades
ANT34.067.1,35.87555,obj00005,ANT34-067-13H-7W-14-18cm_obj00005,Acrodin Tip Concave 1/2 Root Thick Blades
ANT34.067.1,35.87555,obj00007,ANT34-067-13H-7W-14-18cm_obj00007,Acrodin Tip Long Dark Root
ANT34.067.1,35.87555,obj00011,ANT34-067-13H-7W-14-18cm_obj00011,Round Acrodin Tip Small Tooth Flared Blades Large Root
ANT34.068.1,36.22525,obj00001,ANT34-068-14H-2W-56-60cm_obj00001,Acrodin Tip Small Spearhead Tooth
ANT34.068.1,36.22525,obj00003,ANT34-068-14H-2W-56-60cm_obj00003,Acrodin Tip Small Tooth Straight 3/4 Root Asymmetrical Blades
ANT35.070.1,36.3765,obj00002,ANT35-070-14H-3W-15-18cm_obj00002,Acrodin Tip Small Spearhead Tooth
ANT35.070.1,36.3765,obj00006,ANT35-070-14H-3W-15-18cm_obj00006,Acrodin Tip Long Dark Root
ANT35.070.1,36.3765,obj00007,ANT35-070-14H-3W-15-18cm_obj00007,Acrodin Tip Small Spearhead Tooth
ANT35.070.1,36.3765,obj00008,ANT35-070-14H-3W-15-18cm_obj00008,Round Clear Tip Flared Blades Dome Root
ANT35.070.1,36.3765,obj00010,ANT35-070-14H-3W-15-18cm_obj00010,Round Acrodin Tip Small Tooth Flared Blades Small Triangle Root
ANT35.070.1,36.3765,obj00029,ANT35-070-14H-3W-15-18cm_obj00029,Acrodin Tip Long Dark Root
ANT35.070.1,36.3765,obj00030,ANT35-070-14H-3W-15-18cm_obj00030,Round Acrodin Tip Small Tooth Flared Blades Large Triangle Root
ANT36.071.1,36.44172,obj00003,ANT36-071-14H-3W-62-66cm_obj00003,Acrodin Tip Small Spearhead Pointed Tooth
ANT36.072.1,36.50417,obj00001,ANT36-072-14H-3W-107-111cm_obj00001,Acrodin Tip Beak 1/2 Root Concave Base
ANT37.073.1,36.5791,obj00009,ANT37-073-14H-4W-11-14cm_obj00009,Acrodin Tip Triangle Root Small Cone
ANT37.074.1,36.6471,obj00002,ANT37-074-14H-4W-60-65cm_obj00002,Acrodin Tip Small Tooth Straight 3/4 Root Asymmetrical Blades
ANT38.079.1,37.05647,obj00001,ANT38-079-14H-6W-55-60cm_obj00001,Acrodin Tip Small Tooth Straight 3/4 Root Asymmetrical Blades
ANT38.082.1,37.58101,obj00002,ANT38-082-15H-2W-63-68cm_obj00002,Acrodin Tip Concave 1/2 Root Thick Blades
ANT39.080.1,37.19385,obj00001,ANT39-080-14H-7W-4-17cm_obj00001,Acrodin Tip Small Cone No Blades Dome Root
ANT39.080.1,37.19385,obj00004,ANT39-080-14H-7W-4-17cm_obj00004,Acrodin Tip Beak 1/2 Root Concave Base
ANT40.083.1,37.64623,obj00008,ANT40-083-15H-2W-110-115cm_obj00008,Acrodin Tip Small Cone No Blades Dome Root
ANT41.085.1,37.78361,obj00003,ANT41-085-15H-3W-59-62cm_obj00003,Round Acrodin Tip Small Tooth Flared Blades Large Triangle Root
ANT41.085.1,37.78361,obj00006,ANT41-085-15H-3W-59-62cm_obj00006,Acrodin Tip Small Spearhead Pointed Tooth
ANT41.085.1,37.78361,obj00008,ANT41-085-15H-3W-59-62cm_obj00008,Acrodin Tip Standard Slight Curve
ANT41.085.1,37.78361,obj00013,ANT41-085-15H-3W-59-62cm_obj00013,Acrodin Tip Small Spearhead Tooth
ANT41.086.1,37.85438,obj00042,ANT41-086-15H-3W-110-115cm_obj00042,Acrodin Tip Small Spearhead Pointed Tooth
ANT41.086.1,37.85438,obj00046,ANT41-086-15H-3W-110-115cm_obj00046,Acrodin Tip Beak 1/2 Root Concave Base
ANT41.086.1,37.85438,obj00047,ANT41-086-15H-3W-110-115cm_obj00047,Acrodin Tip Funnel 3/4 Root Flat
ANT41.086.1,37.85438,obj00052,ANT41-086-15H-3W-110-115cm_obj00052,Acrodin Tip Funnel 3/4 Root
ANT41.086.1,37.85438,obj00075,ANT41-086-15H-3W-110-115cm_obj00075,Acrodin Tip Small Spearhead Tooth
ANT42.087.1,37.92376,obj00001,ANT42-087-15H-4W-10-13cm_obj00001,Acrodin Tip Concave 1/2 Root Thick Blades
ANT42.088.1,37.99315,obj00003,ANT42-088-15H-4W-60-63cm_obj00003,Patrick Sans Arms Tooth Straight
ANT43.089.1,38.05143,obj00002,ANT43-089-15H-4W-102-108cm_obj00002,Acrodin Tip Funnel 3/4 Root Flat
ANT43.089.1,38.05143,obj00003,ANT43-089-15H-4W-102-108cm_obj00003,Acrodin Tip Funnel 3/4 Root
ANT43.089.1,38.05143,obj00004,ANT43-089-15H-4W-102-108cm_obj00004,Acrodin Tip Long Dark Root
ANT43.089.1,38.05143,obj00017,ANT43-089-15H-4W-102-108cm_obj00017,Acrodin Tip Small Spearhead Tooth
ANT44.091.1,38.1988,obj00003,ANT44-091-15H-5W-65-68cm_obj00003,Acrodin Tip Small Spearhead Pointed Tooth
ANT44.092.1,38.25453,obj00003,ANT44-092-15H-5W-109-112cm_obj00003,Acrodin Tip Small Spearhead Pointed Tooth
ANT45.094.1,38.38247,obj00001,ANT45-094-15H-6W-60-63cm_obj00001,Acrodin Tip Small Spearhead Tooth
ANT46.096.1,38.5066,obj00002,ANT46-096-15H-7W-8-13cm_obj00002,Acrodin Tip Funnel 3/4 Root Flat
ANT48.099.1,38.7004,obj00001,ANT48-099-16H-1W-111-115cm_obj00001,Acrodin Tip Funnel 3/4 Root
ANT48.099.1,38.7004,obj00002,ANT48-099-16H-1W-111-115cm_obj00002,Acrodin Tip Small Cone No Blades Dome Root
ANT48.100.1,38.76373,obj00002,ANT48-100-16H-2W-11-14cm_obj00002,Round Acrodin Tip Small Tooth Flared Blades Small Triangle Root
ANT49.101.1,38.8258,obj00008,ANT49-101-16H-2W-60-63cm_obj00008,Acrodin Tip Small Spearhead Pointed Tooth
ANT50.104.1,39.01453,obj00006,ANT50-104-16H-3W-59-62cm_obj00006,Acrodin Tip Funnel 3/4 Root Flat
ANT50.104.1,39.01453,obj00008,ANT50-104-16H-3W-59-62cm_obj00008,Patrick Sans Arms Tooth Straight
ANT50.104.1,39.01453,obj00009,ANT50-104-16H-3W-59-62cm_obj00009,Acrodin Tip Long Dark Root
ANT51.105.1,39.0728,obj00001,ANT51-105-16H-3W-105-108cm_obj00001,Patrick Sans Arms Tooth Straight
ANT52.107.1,39.2058,obj00001,ANT52-107-16H-4W-60-63cm_obj00001,Acrodin Tip Small Spearhead Tooth
ANT52.108.1,39.4488,obj00001,ANT52-108-16H-4W-105-108cm_obj00001,Acrodin Tip Small Cone No Blades Dome Root
ANT54.111.1,39.82305,obj00013,ANT54-111-16H-5W-105-111cm_obj00013,Acrodin Tip Small Spearhead Tooth
ANT54.111.1,39.82305,obj00018,ANT54-111-16H-5W-105-111cm_obj00018,Acrodin Tip Small Cone No Blades Dome Root
ANT56.116.1,40.3907,obj00005,ANT56-116-17H-1W-12-15cm_obj00005,Acrodin Tip Small Spearhead Tooth
ANT56.116.1,40.3907,obj00007,ANT56-116-17H-1W-12-15cm_obj00007,Acrodin Tip Standard Root Small Cone
ANT56.116.1,40.3907,obj00008,ANT56-116-17H-1W-12-15cm_obj00008,Acrodin Tip Concave 1/2 Root Thick Blades
ANT56.116.1,40.3907,obj00009,ANT56-116-17H-1W-12-15cm_obj00009,Round Acrodin Tip Small Tooth Flared Blades Small Triangle Root
ANT57.118.1,40.58743,obj00023,ANT57-118-17H-1W-108-111cm_obj00023,Acrodin Tip Standard Root Small Cone
ANT57.118.1,40.58743,obj00024,ANT57-118-17H-1W-108-111cm_obj00024,Acrodin Tip Standard Root Small Cone
ANT57.118.1,40.58743,obj00025,ANT57-118-17H-1W-108-111cm_obj00025,Acrodin Tip Small Spearhead Pointed Tooth
ANT57.118.1,40.58743,obj00029,ANT57-118-17H-1W-108-111cm_obj00029,Acrodin Tip Long Cone No Blades Dome Root
ANT57.118.1,40.58743,obj00053,ANT57-118-17H-1W-108-111cm_obj00053,Acrodin Tip Small Cone No Blades Dome Root
ANT58.119.1,40.69399,obj00008,ANT58-119-17H-2W-10-13cm_obj00008,Acrodin Tip Funnel 3/4 Root Flat
ANT58.119.1,40.69399,obj00011,ANT58-119-17H-2W-10-13cm_obj00011,Round Acrodin Tip Small Tooth Flared Blades Small Triangle Root
ANT58.119.1,40.69399,obj00019,ANT58-119-17H-2W-10-13cm_obj00019,Acrodin Tip Concave 1/2 Root Thick Blades
ANT58.120.1,40.79646,obj00006,ANT58-120-17H-2W-60-63cm_obj00006,Acrodin Tip Small Cone No Blades Dome Root
ANT58.120.1,40.79646,obj00007,ANT58-120-17H-2W-60-63cm_obj00007,Acrodin Tip Small Cone No Blades Dome Root
ANT58.120.1,40.79646,obj00012,ANT58-120-17H-2W-60-63cm_obj00012,Acrodin Tip Small Cone No Blades Dome Root
ANT59.121.1,40.89687,obj00049,ANT59-121-17H-2W-109-112cm_obj00049,Acrodin Tip Small Spearhead Pointed Tooth
ANT59.121.1,40.89687,obj00056,ANT59-121-17H-2W-109-112cm_obj00056,Acrodin Tip Standard Root Small Cone
ANT59.121.1,40.89687,obj00066,ANT59-121-17H-2W-109-112cm_obj00066,Acrodin Tip Standard Root Small Cone
ANT59.121.1,40.89687,obj00068,ANT59-121-17H-2W-109-112cm_obj00068,Acrodin Tip Concave 1/2 Root Thick Blades
ANT59.121.1,40.89687,obj00074,ANT59-121-17H-2W-109-112cm_obj00074,Acrodin Tip Small Cone No Blades Dome Root
ANT59.121.1,40.89687,obj00077,ANT59-121-17H-2W-109-112cm_obj00077,Acrodin Tip Small Cone No Blades Dome Root
ANT59.121.1,40.89687,obj00079,ANT59-121-17H-2W-109-112cm_obj00079,Acrodin Tip Small Cone No Blades Dome Root
ANT59.121.1,40.89687,obj00091,ANT59-121-17H-2W-109-112cm_obj00091,Acrodin Tip Small Cone No Blades Dome Root
ANT59.122.1,41.00139,obj00023,ANT59-122-17H-3W-10-13cm_obj00023,Acrodin Tip Small Cone No Blades Dome Root
ANT59.122.1,41.00139,obj00025,ANT59-122-17H-3W-10-13cm_obj00025,Acrodin Tip Small Cone No Blades Dome Root
ANT59.122.1,41.00139,obj00027,ANT59-122-17H-3W-10-13cm_obj00027,Acrodin Tip Small Cone No Blades Dome Root
ANT59.122.1,41.00139,obj00028,ANT59-122-17H-3W-10-13cm_obj00028,Round Acrodin Tip Small Tooth Flared Blades Small Triangle Root
ANT59.122.1,41.00139,obj00035,ANT59-122-17H-3W-10-13cm_obj00035,Acrodin Tip Small Cone No Blades Dome Root
ANT59.122.1,41.00139,obj00036,ANT59-122-17H-3W-10-13cm_obj00036,Acrodin Tip Small Spearhead Tooth
ANT59.122.1,41.00139,obj00039,ANT59-122-17H-3W-10-13cm_obj00039,Acrodin Tip Small Cone No Blades Dome Root
ANT59.122.1,41.00139,obj00040,ANT59-122-17H-3W-10-13cm_obj00040,Acrodin Tip Small Cone No Blades Dome Root
ANT60.123.1,41.10385,obj00012,ANT60-123-17H-3W-60-64cm_obj00012,Round Acrodin Tip Small Tooth Flared Blades Large Triangle Root
ANT60.124.1,41.19722,obj00004,ANT60-124-17H-3W-110-113cm_obj00004,Acrodin Tip Funnel 3/4 Root
ANT60.124.1,41.19722,obj00006,ANT60-124-17H-3W-110-113cm_obj00006,Acrodin Tip Small Cone No Blades Dome Root
ANT60.124.1,41.19722,obj00012,ANT60-124-17H-3W-110-113cm_obj00012,Acrodin Tip Standard Root Small Cone
ANT60.124.1,41.19722,obj00013,ANT60-124-17H-3W-110-113cm_obj00013,Acrodin Tip Standard Root Small Cone
ANT60.124.1,41.19722,obj00016,ANT60-124-17H-3W-110-113cm_obj00016,Acrodin Tip Small Cone No Blades Dome Root
ANT60.124.1,41.19722,obj00018,ANT60-124-17H-3W-110-113cm_obj00018,Acrodin Tip Small Cone No Blades Dome Root
ANT61.125.1,41.29,obj00009,ANT61-125-17H-4W-10-13cm_obj00009,Acrodin Tip Small Spearhead Tooth
ANT61.125.1,41.29,obj00011,ANT61-125-17H-4W-10-13cm_obj00011,Acrodin Tip Standard Slight Curve
ANT61.125.1,41.29,obj00016,ANT61-125-17H-4W-10-13cm_obj00016,Acrodin Tip Small Cone No Blades Dome Root
ANT61.125.1,41.29,obj00018,ANT61-125-17H-4W-10-13cm_obj00018,Acrodin Tip Small Cone No Blades Dome Root
ANT61.125.1,41.29,obj00019,ANT61-125-17H-4W-10-13cm_obj00019,Round Acrodin Tip Small Tooth Long Dummy Root
ANT61.126.1,41.43641,obj00005,ANT61-126-17H-4W-60-63cm_obj00005,Acrodin Tip Small Spearhead Pointed Tooth
ANT61.126.1,41.43641,obj00007,ANT61-126-17H-4W-60-63cm_obj00007,Acrodin Tip Funnel 3/4 Root
ANT61.126.1,41.43641,obj00012,ANT61-126-17H-4W-60-63cm_obj00012,Acrodin Tip Small Cone No Blades Dome Root
ANT61.126.1,41.43641,obj00013,ANT61-126-17H-4W-60-63cm_obj00013,Acrodin Tip Small Cone No Blades Dome Root
ANT62.127.1,41.57696,obj00006,ANT62-127-17H-4W-108-112cm_obj00006,Acrodin Tip Long Dark Root
ANT62.127.1,41.57696,obj00039,ANT62-127-17H-4W-108-112cm_obj00039,Acrodin Tip Small Cone No Blades Dome Root
ANT62.127.1,41.57696,obj00048,ANT62-127-17H-4W-108-112cm_obj00048,Acrodin Tip Standard Root Small Cone
ANT62.127.1,41.57696,obj00056,ANT62-127-17H-4W-108-112cm_obj00056,Acrodin Tip Small Cone No Blades Dome Root
ANT62.128.1,41.72922,obj00031,ANT62-128-17H-5W-10-13cm_obj00031,Acrodin Tip Dome 3/4 Root
ANT62.128.1,41.72922,obj00040,ANT62-128-17H-5W-10-13cm_obj00040,Acrodin Tip Dome 3/4 Root
ANT62.128.1,41.72922,obj00049,ANT62-128-17H-5W-10-13cm_obj00049,Round Acrodin Tip Small Tooth Flared Blades Small Triangle Root
ANT62.128.1,41.72922,obj00051,ANT62-128-17H-5W-10-13cm_obj00051,Acrodin Tip Small Cone No Blades Dome Root
ANT62.128.1,41.72922,obj00054,ANT62-128-17H-5W-10-13cm_obj00054,Acrodin Tip Small Cone No Blades Dome Root
ANT62.128.1,41.72922,obj00055,ANT62-128-17H-5W-10-13cm_obj00055,Round Acrodin Tip Small Tooth Flared Blades Small Triangle Root
ANT62.128.1,41.72922,obj00065,ANT62-128-17H-5W-10-13cm_obj00065,Acrodin Tip Long Cone No Blades Dome Root
ANT63.129.1,41.87562,obj00005,ANT63-129-17H-5W-60-66cm_obj00005,Acrodin Tip Funnel 3/4 Root Flat
ANT63.129.1,41.87562,obj00007,ANT63-129-17H-5W-60-66cm_obj00007,Acrodin Tip Small Cone No Blades Dome Root
ANT63.129.1,41.87562,obj00008,ANT63-129-17H-5W-60-66cm_obj00008,Acrodin Tip Small Cone No Blades Dome Root
ANT63.130.1,42.01617,obj00005,ANT63-130-17H-5W-108-111cm_obj00005,Acrodin Tip Standard Root Small Cone
ANT63.130.1,42.01617,obj00006,ANT63-130-17H-5W-108-111cm_obj00006,Acrodin Tip Standard Root Small Cone
ANT64.131.1,42.16844,obj00022,ANT64-131-17H-6W-10-13cm_obj00022,Round Acrodin Tip Small Tooth Flared Blades Large Triangle Root
ANT64.131.1,42.16844,obj00024,ANT64-131-17H-6W-10-13cm_obj00024,Round Acrodin Tip Small Tooth Flared Blades Large Triangle Root
ANT64.131.1,42.16844,obj00025,ANT64-131-17H-6W-10-13cm_obj00025,Round Acrodin Tip Small Tooth Flared Blades Large Triangle Root
ANT64.131.1,42.16844,obj00026,ANT64-131-17H-6W-10-13cm_obj00026,Acrodin Tip Small Spearhead Pointed Tooth
ANT64.131.1,42.16844,obj00028,ANT64-131-17H-6W-10-13cm_obj00028,Acrodin Tip Standard Root Small Cone
ANT64.132.1,42.31484,obj00024,ANT64-132-17H-6W-60-65cm_obj00024,Acrodin Tip Standard Root Small Cone
ANT64.132.1,42.31484,obj00032,ANT64-132-17H-6W-60-65cm_obj00032,Acrodin Tip Small Cone No Blades Dome Root
ANT65.133.1,42.45539,obj00004,ANT65-133-17H-6W-108-111cm_obj00004,Acrodin Tip Standard Root Small Cone
ANT65.134.1,42.60765,obj00009,ANT65-134-17H-7W-10-13cm_obj00009,Acrodin Tip Standard Root Small Cone
ANT65.134.1,42.60765,obj00011,ANT65-134-17H-7W-10-13cm_obj00011,Acrodin Tip Standard Root Small Cone
ANT66.135.1,42.83312,obj00009,ANT66-135-18H-1W-17-20cm_obj00009,Acrodin Tip Small Cone No Blades Dome Root
ANT66.135.1,42.83312,obj00012,ANT66-135-18H-1W-17-20cm_obj00012,Acrodin Tip Standard Root Small Cone
ANT66.136.1,42.95903,obj00008,ANT66-136-18H-1W-60-63cm_obj00008,Acrodin Tip Standard Root Small Cone
ANT66.136.1,42.95903,obj00009,ANT66-136-18H-1W-60-63cm_obj00009,Acrodin Tip Dome 1/2 Root
ANT67.138.1,43.25184,obj00005,ANT67-138-18H-2W-10-13cm_obj00005,Acrodin Tip Small Spearhead Pointed Tooth
ANT67.138.1,43.25184,obj00007,ANT67-138-18H-2W-10-13cm_obj00007,Acrodin Tip Concave 1/2 Root Thick Blades
ANT67.138.1,43.25184,obj00011,ANT67-138-18H-2W-10-13cm_obj00011,Acrodin Tip Small Cone No Blades Dome Root
ANT67.138.1,43.25184,obj00015,ANT67-138-18H-2W-10-13cm_obj00015,Acrodin Tip Standard Root Small Cone
ANT67.138.1,43.25184,obj00018,ANT67-138-18H-2W-10-13cm_obj00018,Acrodin Tip Concave 1/2 Root Thick Blades
ANT67.138.1,43.25184,obj00019,ANT67-138-18H-2W-10-13cm_obj00019,Acrodin Tip Small Cone No Blades Dome Root
ANT67.138.1,43.25184,obj00021,ANT67-138-18H-2W-10-13cm_obj00021,Acrodin Tip Long Cone No Blades Dome Root
ANT67.138.1,43.25184,obj00029,ANT67-138-18H-2W-10-13cm_obj00029,Acrodin Tip Standard Root Small Cone
